Commodity,Date,Average
Cauli Local,6/16/2013,32.5
Cauli Local,6/17/2013,27.5
Cauli Local,6/18/2013,27.5
Cauli Local,6/19/2013,27.5
Cauli Local,6/20/2013,22.5
Cauli Local,6/21/2013,22.0
Cauli Local,6/25/2013,22.5
Cauli Local,6/26/2013,20.0
Cauli Local,6/27/2013,27.5
Cauli Local,6/28/2013,27.5
Cauli Local,6/30/2013,35.0
Cauli Local,7/1/2013,32.5
Cauli Local,7/2/2013,27.5
Cauli Local,7/3/2013,42.5
Cauli Local,7/4/2013,42.5
Cauli Local,7/5/2013,42.5
Cauli Local,7/9/2013,42.5
Cauli Local,7/10/2013,42.5
Cauli Local,7/11/2013,65.0
Cauli Local,7/12/2013,45.0
Cauli Local,7/14/2013,57.5
Cauli Local,7/15/2013,60.0
Cauli Local,7/16/2013,65.0
Cauli Local,7/17/2013,55.0
Cauli Local,7/18/2013,45.0
Cauli Local,7/19/2013,55.0
Cauli Local,7/21/2013,55.0
Cauli Local,7/22/2013,57.5
Cauli Local,7/23/2013,57.5
Cauli Local,7/24/2013,57.5
Cauli Local,7/25/2013,57.5
Cauli Local,7/26/2013,57.5
Cauli Local,7/28/2013,57.5
Cauli Local,7/29/2013,55.0
Cauli Local,7/30/2013,52.5
Cauli Local,7/31/2013,47.5
Cauli Local,8/1/2013,57.5
Cauli Local,8/2/2013,60.0
Cauli Local,8/4/2013,67.5
Cauli Local,8/5/2013,58.5
Cauli Local,8/6/2013,62.5
Cauli Local,8/7/2013,62.5
Cauli Local,8/8/2013,62.5
Cauli Local,8/12/2013,62.5
Cauli Local,8/13/2013,57.5
Cauli Local,8/14/2013,57.5
Cauli Local,8/15/2013,57.5
Cauli Local,8/16/2013,57.5
Cauli Local,8/18/2013,55.0
Cauli Local,8/19/2013,57.5
Cauli Local,8/20/2013,57.5
Cauli Local,8/23/2013,52.5
Cauli Local,8/25/2013,47.5
Cauli Local,8/26/2013,45.0
Cauli Local,8/27/2013,52.5
Cauli Local,8/29/2013,52.5
Cauli Local,8/30/2013,52.5
Cauli Local,9/1/2013,52.5
Cauli Local,9/2/2013,47.5
Cauli Local,9/3/2013,65.0
Cauli Local,9/4/2013,60.0
Cauli Local,9/5/2013,42.5
Cauli Local,9/6/2013,55.0
Cauli Local,9/8/2013,42.5
Cauli Local,9/9/2013,42.5
Cauli Local,9/10/2013,47.5
Cauli Local,9/11/2013,42.5
Cauli Local,9/12/2013,42.5
Cauli Local,9/13/2013,42.5
Cauli Local,9/15/2013,46.0
Cauli Local,9/16/2013,42.5
Cauli Local,9/17/2013,45.0
Cauli Local,9/19/2013,45.0
Cauli Local,9/20/2013,37.5
Cauli Local,9/22/2013,37.5
Cauli Local,9/23/2013,37.5
Cauli Local,9/24/2013,35.0
Cauli Local,9/25/2013,35.0
Cauli Local,9/26/2013,37.5
Cauli Local,9/27/2013,45.0
Cauli Local,9/29/2013,40.0
Cauli Local,9/30/2013,45.0
Cauli Local,10/1/2013,50.0
Cauli Local,10/2/2013,42.5
Cauli Local,10/3/2013,45.0
Cauli Local,10/4/2013,52.5
Cauli Local,10/6/2013,65.0
Cauli Local,10/7/2013,47.5
Cauli Local,10/8/2013,37.5
Cauli Local,10/9/2013,40.0
Cauli Local,10/10/2013,42.5
Cauli Local,10/11/2013,42.5
Cauli Local,10/12/2013,47.5
Cauli Local,10/13/2013,52.5
Cauli Local,10/14/2013,55.0
Cauli Local,10/15/2013,65.0
Cauli Local,10/16/2013,50.0
Cauli Local,10/17/2013,45.0
Cauli Local,10/20/2013,30.0
Cauli Local,10/21/2013,38.5
Cauli Local,10/22/2013,45.0
Cauli Local,10/23/2013,45.0
Cauli Local,10/24/2013,45.0
Cauli Local,10/25/2013,50.0
Cauli Local,10/27/2013,55.0
Cauli Local,10/28/2013,55.0
Cauli Local,10/29/2013,50.0
Cauli Local,10/30/2013,55.0
Cauli Local,10/31/2013,57.5
Cauli Local,11/1/2013,55.0
Cauli Local,11/3/2013,65.0
Cauli Local,11/4/2013,65.0
Cauli Local,11/5/2013,110.0
Cauli Local,11/6/2013,95.0
Cauli Local,11/7/2013,90.0
Cauli Local,11/10/2013,55.0
Cauli Local,11/11/2013,47.5
Cauli Local,11/12/2013,67.5
Cauli Local,11/13/2013,75.0
Cauli Local,11/14/2013,67.5
Cauli Local,11/15/2013,59.5
Cauli Local,11/16/2013,57.5
Cauli Local,11/17/2013,55.0
Cauli Local,11/18/2013,55.0
Cauli Local,11/20/2013,65.0
Cauli Local,11/21/2013,45.0
Cauli Local,11/22/2013,45.0
Cauli Local,11/24/2013,42.5
Cauli Local,11/25/2013,37.5
Cauli Local,11/26/2013,37.5
Cauli Local,11/27/2013,40.0
Cauli Local,11/28/2013,40.0
Cauli Local,11/29/2013,40.0
Cauli Local,12/1/2013,45.0
Cauli Local,12/2/2013,40.0
Cauli Local,12/3/2013,40.0
Cauli Local,12/4/2013,40.0
Cauli Local,12/5/2013,36.0
Cauli Local,12/6/2013,40.0
Cauli Local,12/8/2013,42.5
Cauli Local,12/9/2013,42.5
Cauli Local,12/10/2013,45.0
Cauli Local,12/11/2013,45.0
Cauli Local,12/12/2013,46.0
Cauli Local,12/13/2013,47.5
Cauli Local,12/15/2013,45.0
Cauli Local,12/16/2013,42.5
Cauli Local,12/18/2013,45.0
Cauli Local,12/19/2013,42.5
Cauli Local,12/20/2013,42.5
Cauli Local,12/22/2013,40.0
Cauli Local,12/23/2013,41.5
Cauli Local,12/24/2013,42.5
Cauli Local,12/26/2013,42.5
Cauli Local,12/27/2013,32.5
Cauli Local,12/29/2013,27.5
Cauli Local,12/31/2013,27.5
Cauli Local,1/1/2014,24.0
Cauli Local,1/2/2014,24.0
Cauli Local,1/3/2014,27.5
Cauli Local,1/5/2014,26.0
Cauli Local,1/6/2014,23.5
Cauli Local,1/7/2014,24.0
Cauli Local,1/8/2014,26.0
Cauli Local,1/9/2014,27.5
Cauli Local,1/10/2014,22.5
Cauli Local,1/12/2014,27.5
Cauli Local,1/13/2014,27.5
Cauli Local,1/14/2014,27.5
Cauli Local,1/16/2014,27.5
Cauli Local,1/17/2014,22.5
Cauli Local,1/19/2014,22.5
Cauli Local,1/20/2014,18.0
Cauli Local,1/21/2014,18.0
Cauli Local,1/22/2014,16.0
Cauli Local,1/23/2014,18.0
Cauli Local,1/24/2014,13.5
Cauli Local,1/26/2014,18.0
Cauli Local,1/27/2014,20.0
Cauli Local,1/28/2014,12.5
Cauli Local,1/29/2014,16.0
Cauli Local,2/2/2014,17.5
Cauli Local,2/3/2014,20.0
Cauli Local,2/4/2014,21.0
Cauli Local,2/5/2014,22.5
Cauli Local,2/6/2014,30.0
Cauli Local,2/7/2014,27.5
Cauli Local,2/8/2014,25.0
Cauli Local,2/9/2014,27.5
Cauli Local,2/10/2014,27.5
Cauli Local,2/11/2014,32.5
Cauli Local,2/12/2014,27.5
Cauli Local,2/13/2014,27.5
Cauli Local,2/14/2014,27.5
Cauli Local,2/16/2014,37.5
Cauli Local,2/17/2014,37.5
Cauli Local,2/18/2014,34.0
Cauli Local,2/20/2014,42.5
Cauli Local,2/21/2014,31.5
Cauli Local,2/23/2014,27.5
Cauli Local,2/24/2014,32.5
Cauli Local,2/25/2014,32.5
Cauli Local,2/26/2014,35.0
Cauli Local,2/28/2014,34.0
Cauli Local,3/3/2014,37.5
Cauli Local,3/5/2014,30.0
Cauli Local,3/6/2014,27.5
Cauli Local,3/7/2014,27.5
Cauli Local,3/9/2014,26.0
Cauli Local,3/10/2014,26.0
Cauli Local,3/11/2014,24.0
Cauli Local,3/12/2014,26.0
Cauli Local,3/13/2014,24.0
Cauli Local,3/14/2014,27.5
Cauli Local,3/17/2014,35.5
Cauli Local,3/18/2014,27.5
Cauli Local,3/19/2014,20.0
Cauli Local,3/20/2014,17.5
Cauli Local,3/21/2014,18.0
Cauli Local,3/23/2014,16.5
Cauli Local,3/24/2014,15.0
Cauli Local,3/25/2014,17.5
Cauli Local,3/26/2014,17.5
Cauli Local,3/27/2014,17.5
Cauli Local,3/28/2014,17.5
Cauli Local,3/31/2014,22.5
Cauli Local,4/1/2014,20.0
Cauli Local,4/2/2014,19.0
Cauli Local,4/3/2014,19.0
Cauli Local,4/4/2014,22.5
Cauli Local,4/6/2014,26.0
Cauli Local,4/7/2014,21.5
Cauli Local,4/9/2014,22.5
Cauli Local,4/10/2014,20.0
Cauli Local,4/11/2014,22.5
Cauli Local,4/13/2014,27.5
Cauli Local,4/15/2014,22.5
Cauli Local,4/16/2014,40.0
Cauli Local,4/17/2014,42.5
Cauli Local,4/18/2014,40.0
Cauli Local,4/20/2014,40.0
Cauli Local,4/21/2014,37.5
Cauli Local,4/22/2014,37.5
Cauli Local,4/23/2014,32.5
Cauli Local,4/25/2014,32.5
Cauli Local,4/28/2014,37.5
Cauli Local,4/29/2014,47.5
Cauli Local,4/30/2014,47.5
Cauli Local,5/2/2014,49.0
Cauli Local,5/4/2014,47.5
Cauli Local,5/5/2014,42.5
Cauli Local,5/6/2014,32.5
Cauli Local,5/7/2014,32.5
Cauli Local,5/8/2014,40.0
Cauli Local,5/9/2014,45.0
Cauli Local,5/11/2014,42.5
Cauli Local,5/12/2014,45.0
Cauli Local,5/13/2014,45.0
Cauli Local,5/15/2014,42.5
Cauli Local,5/16/2014,47.5
Cauli Local,5/18/2014,37.5
Cauli Local,5/19/2014,44.0
Cauli Local,5/20/2014,40.0
Cauli Local,5/21/2014,42.5
Cauli Local,5/22/2014,42.5
Cauli Local,5/23/2014,42.5
Cauli Local,5/25/2014,42.5
Cauli Local,5/26/2014,42.5
Cauli Local,5/27/2014,57.5
Cauli Local,5/28/2014,45.0
Cauli Local,5/30/2014,52.5
Cauli Local,6/1/2014,52.5
Cauli Local,6/2/2014,52.5
Cauli Local,6/3/2014,55.0
Cauli Local,6/4/2014,52.5
Cauli Local,6/5/2014,52.5
Cauli Local,6/6/2014,47.5
Cauli Local,6/8/2014,39.0
Cauli Local,6/9/2014,39.0
Cauli Local,6/10/2014,42.5
Cauli Local,6/11/2014,38.0
Cauli Local,6/12/2014,43.0
Cauli Local,6/13/2014,42.5
Cauli Local,6/15/2014,42.5
Cauli Local,6/16/2014,45.0
Cauli Local,6/17/2014,47.5
Cauli Local,6/18/2014,42.5
Cauli Local,6/19/2014,42.5
Cauli Local,6/20/2014,42.5
Cauli Local,6/23/2014,32.5
Cauli Local,6/24/2014,35.0
Cauli Local,6/25/2014,27.5
Cauli Local,6/26/2014,30.0
Cauli Local,6/27/2014,32.5
Cauli Local,6/29/2014,27.5
Cauli Local,6/30/2014,27.5
Cauli Local,7/1/2014,30.0
Cauli Local,7/2/2014,30.0
Cauli Local,7/3/2014,45.0
Cauli Local,7/4/2014,37.5
Cauli Local,7/5/2014,37.5
Cauli Local,7/6/2014,52.5
Cauli Local,7/7/2014,42.5
Cauli Local,7/8/2014,37.5
Cauli Local,7/9/2014,37.5
Cauli Local,7/10/2014,45.0
Cauli Local,7/11/2014,42.5
Cauli Local,7/12/2014,42.5
Cauli Local,7/13/2014,52.5
Cauli Local,7/14/2014,42.5
Cauli Local,7/15/2014,50.0
Cauli Local,7/16/2014,45.0
Cauli Local,7/17/2014,47.5
Cauli Local,7/18/2014,55.0
Cauli Local,7/19/2014,47.5
Cauli Local,7/20/2014,47.5
Cauli Local,7/21/2014,42.5
Cauli Local,7/22/2014,37.5
Cauli Local,7/23/2014,45.0
Cauli Local,7/24/2014,47.5
Cauli Local,7/25/2014,47.5
Cauli Local,7/26/2014,42.5
Cauli Local,7/27/2014,42.5
Cauli Local,7/28/2014,42.5
Cauli Local,7/29/2014,42.5
Cauli Local,7/30/2014,45.0
Cauli Local,7/31/2014,47.5
Cauli Local,8/1/2014,42.5
Cauli Local,8/2/2014,45.0
Cauli Local,8/3/2014,42.5
Cauli Local,8/4/2014,42.0
Cauli Local,8/5/2014,42.5
Cauli Local,8/6/2014,42.5
Cauli Local,8/7/2014,39.0
Cauli Local,8/8/2014,42.5
Cauli Local,8/9/2014,39.0
Cauli Local,8/10/2014,37.5
Cauli Local,8/11/2014,39.0
Cauli Local,8/12/2014,45.0
Cauli Local,8/13/2014,42.5
Cauli Local,8/14/2014,35.0
Cauli Local,8/15/2014,57.5
Cauli Local,8/16/2014,25.0
Cauli Local,8/17/2014,32.5
Cauli Local,8/18/2014,32.5
Cauli Local,8/19/2014,45.0
Cauli Local,8/20/2014,55.0
Cauli Local,8/21/2014,42.5
Cauli Local,8/22/2014,42.5
Cauli Local,8/23/2014,45.0
Cauli Local,8/24/2014,45.0
Cauli Local,8/25/2014,47.5
Cauli Local,8/26/2014,60.0
Cauli Local,8/27/2014,57.5
Cauli Local,8/28/2014,42.5
Cauli Local,8/29/2014,47.5
Cauli Local,8/31/2014,45.0
Cauli Local,9/1/2014,47.5
Cauli Local,9/2/2014,40.0
Cauli Local,9/3/2014,42.5
Cauli Local,9/4/2014,40.0
Cauli Local,9/5/2014,55.0
Cauli Local,9/6/2014,55.0
Cauli Local,9/7/2014,54.0
Cauli Local,9/8/2014,55.0
Cauli Local,9/9/2014,55.0
Cauli Local,9/10/2014,55.0
Cauli Local,9/11/2014,60.0
Cauli Local,9/12/2014,60.0
Cauli Local,9/13/2014,57.5
Cauli Local,9/14/2014,65.0
Cauli Local,9/15/2014,75.0
Cauli Local,9/16/2014,60.0
Cauli Local,9/17/2014,55.0
Cauli Local,9/18/2014,65.0
Cauli Local,9/19/2014,65.0
Cauli Local,9/20/2014,62.5
Cauli Local,9/21/2014,60.0
Cauli Local,9/22/2014,60.0
Cauli Local,9/23/2014,42.5
Cauli Local,9/24/2014,55.0
Cauli Local,9/26/2014,70.0
Cauli Local,9/28/2014,70.0
Cauli Local,9/29/2014,50.0
Cauli Local,9/30/2014,70.0
Cauli Local,10/8/2014,45.0
Cauli Local,10/9/2014,37.5
Cauli Local,10/10/2014,47.5
Cauli Local,10/12/2014,47.5
Cauli Local,10/13/2014,42.5
Cauli Local,10/14/2014,50.0
Cauli Local,10/15/2014,85.0
Cauli Local,10/16/2014,45.0
Cauli Local,10/17/2014,40.0
Cauli Local,10/19/2014,36.0
Cauli Local,10/20/2014,47.5
Cauli Local,10/21/2014,47.5
Cauli Local,10/22/2014,52.5
Cauli Local,10/23/2014,45.0
Cauli Local,10/24/2014,37.5
Cauli Local,10/25/2014,55.0
Cauli Local,10/26/2014,50.0
Cauli Local,10/27/2014,55.0
Cauli Local,10/28/2014,50.0
Cauli Local,10/29/2014,45.0
Cauli Local,10/30/2014,40.0
Cauli Local,10/31/2014,40.0
Cauli Local,11/1/2014,35.0
Cauli Local,11/2/2014,30.0
Cauli Local,11/3/2014,40.0
Cauli Local,11/4/2014,40.0
Cauli Local,11/5/2014,35.0
Cauli Local,11/6/2014,35.0
Cauli Local,11/7/2014,35.0
Cauli Local,11/8/2014,35.0
Cauli Local,11/9/2014,32.5
Cauli Local,11/10/2014,25.0
Cauli Local,11/11/2014,22.5
Cauli Local,11/12/2014,17.5
Cauli Local,11/13/2014,17.5
Cauli Local,11/14/2014,17.5
Cauli Local,11/15/2014,17.5
Cauli Local,11/16/2014,17.5
Cauli Local,11/17/2014,17.5
Cauli Local,11/18/2014,17.5
Cauli Local,11/19/2014,16.5
Cauli Local,11/20/2014,20.0
Cauli Local,11/21/2014,26.0
Cauli Local,11/22/2014,23.5
Cauli Local,11/23/2014,27.0
Cauli Local,11/24/2014,20.0
Cauli Local,11/25/2014,27.5
Cauli Local,11/26/2014,27.5
Cauli Local,11/27/2014,27.5
Cauli Local,11/28/2014,27.5
Cauli Local,11/29/2014,32.5
Cauli Local,11/30/2014,29.0
Cauli Local,12/1/2014,27.5
Cauli Local,12/2/2014,27.5
Cauli Local,12/3/2014,27.5
Cauli Local,12/4/2014,27.5
Cauli Local,12/5/2014,32.5
Cauli Local,12/6/2014,32.5
Cauli Local,12/7/2014,27.5
Cauli Local,12/8/2014,36.0
Cauli Local,12/9/2014,35.0
Cauli Local,12/10/2014,32.5
Cauli Local,12/11/2014,31.5
Cauli Local,12/12/2014,36.0
Cauli Local,12/13/2014,37.5
Cauli Local,12/14/2014,37.5
Cauli Local,12/15/2014,55.0
Cauli Local,12/16/2014,35.0
Cauli Local,12/17/2014,42.5
Cauli Local,12/18/2014,34.0
Cauli Local,12/19/2014,32.5
Cauli Local,12/21/2014,32.5
Cauli Local,12/22/2014,32.5
Cauli Local,12/23/2014,42.5
Cauli Local,12/24/2014,37.5
Cauli Local,12/25/2014,45.0
Cauli Local,12/26/2014,42.5
Cauli Local,12/27/2014,42.5
Cauli Local,12/28/2014,47.5
Cauli Local,12/29/2014,45.0
Cauli Local,12/30/2014,42.5
Cauli Local,12/31/2014,42.5
Cauli Local,1/1/2015,37.5
Cauli Local,1/2/2015,37.5
Cauli Local,1/3/2015,42.5
Cauli Local,1/4/2015,35.0
Cauli Local,1/5/2015,27.5
Cauli Local,1/6/2015,27.5
Cauli Local,1/7/2015,27.5
Cauli Local,1/8/2015,23.0
Cauli Local,1/9/2015,22.5
Cauli Local,1/11/2015,18.0
Cauli Local,1/12/2015,20.0
Cauli Local,1/13/2015,22.0
Cauli Local,1/14/2015,22.0
Cauli Local,1/15/2015,27.5
Cauli Local,1/16/2015,30.0
Cauli Local,1/17/2015,27.5
Cauli Local,1/18/2015,28.0
Cauli Local,1/19/2015,20.0
Cauli Local,1/20/2015,20.0
Cauli Local,1/21/2015,25.0
Cauli Local,1/22/2015,26.0
Cauli Local,1/25/2015,21.0
Cauli Local,1/26/2015,22.5
Cauli Local,1/27/2015,20.0
Cauli Local,1/28/2015,17.5
Cauli Local,1/29/2015,17.5
Cauli Local,1/31/2015,16.0
Cauli Local,2/1/2015,27.5
Cauli Local,2/2/2015,22.5
Cauli Local,2/3/2015,22.5
Cauli Local,2/4/2015,22.0
Cauli Local,2/5/2015,24.0
Cauli Local,2/6/2015,22.5
Cauli Local,2/7/2015,22.5
Cauli Local,2/8/2015,22.0
Cauli Local,2/9/2015,22.0
Cauli Local,2/10/2015,22.5
Cauli Local,2/11/2015,23.0
Cauli Local,2/12/2015,22.5
Cauli Local,2/13/2015,22.0
Cauli Local,2/14/2015,18.0
Cauli Local,2/15/2015,18.0
Cauli Local,2/16/2015,18.0
Cauli Local,2/18/2015,16.0
Cauli Local,2/19/2015,16.5
Cauli Local,2/20/2015,16.0
Cauli Local,2/22/2015,16.5
Cauli Local,2/23/2015,16.5
Cauli Local,2/24/2015,12.0
Cauli Local,2/25/2015,14.0
Cauli Local,2/26/2015,10.0
Cauli Local,2/27/2015,9.0
Cauli Local,3/1/2015,11.0
Cauli Local,3/2/2015,17.5
Cauli Local,3/3/2015,22.5
Cauli Local,3/6/2015,22.5
Cauli Local,3/9/2015,12.0
Cauli Local,3/10/2015,12.0
Cauli Local,3/11/2015,12.0
Cauli Local,3/12/2015,15.0
Cauli Local,3/13/2015,15.0
Cauli Local,3/14/2015,18.0
Cauli Local,3/15/2015,18.0
Cauli Local,3/16/2015,18.0
Cauli Local,3/17/2015,17.5
Cauli Local,3/18/2015,16.5
Cauli Local,3/19/2015,16.5
Cauli Local,3/20/2015,17.5
Cauli Local,3/21/2015,17.5
Cauli Local,3/22/2015,17.5
Cauli Local,3/23/2015,18.0
Cauli Local,3/24/2015,17.5
Cauli Local,3/25/2015,17.5
Cauli Local,3/26/2015,17.5
Cauli Local,3/27/2015,13.5
Cauli Local,3/28/2015,15.5
Cauli Local,3/29/2015,11.0
Cauli Local,3/30/2015,11.0
Cauli Local,3/31/2015,15.5
Cauli Local,4/1/2015,13.0
Cauli Local,4/2/2015,12.0
Cauli Local,4/3/2015,22.5
Cauli Local,4/4/2015,22.5
Cauli Local,4/5/2015,22.5
Cauli Local,4/6/2015,24.0
Cauli Local,4/7/2015,26.0
Cauli Local,4/8/2015,32.5
Cauli Local,4/10/2015,33.0
Cauli Local,4/12/2015,33.0
Cauli Local,4/13/2015,37.5
Cauli Local,4/14/2015,32.5
Cauli Local,4/15/2015,29.0
Cauli Local,4/16/2015,27.5
Cauli Local,4/17/2015,27.5
Cauli Local,4/18/2015,22.5
Cauli Local,4/19/2015,22.5
Cauli Local,4/20/2015,21.0
Cauli Local,4/21/2015,21.0
Cauli Local,4/22/2015,19.0
Cauli Local,4/23/2015,17.0
Cauli Local,4/24/2015,22.5
Cauli Local,4/25/2015,20.0
Cauli Local,4/26/2015,32.5
Cauli Local,4/27/2015,32.5
Cauli Local,4/28/2015,32.5
Cauli Local,4/29/2015,55.0
Cauli Local,4/30/2015,19.0
Cauli Local,5/1/2015,22.5
Cauli Local,5/2/2015,12.5
Cauli Local,5/3/2015,11.0
Cauli Local,5/4/2015,19.0
Cauli Local,5/5/2015,21.0
Cauli Local,5/6/2015,21.0
Cauli Local,5/7/2015,21.0
Cauli Local,5/8/2015,21.0
Cauli Local,5/10/2015,21.0
Cauli Local,5/11/2015,21.0
Cauli Local,5/12/2015,21.5
Cauli Local,5/13/2015,20.0
Cauli Local,5/14/2015,22.5
Cauli Local,5/15/2015,20.0
Cauli Local,5/16/2015,16.5
Cauli Local,5/17/2015,17.5
Cauli Local,5/18/2015,17.5
Cauli Local,5/19/2015,20.0
Cauli Local,5/20/2015,21.5
Cauli Local,5/21/2015,19.0
Cauli Local,5/22/2015,17.5
Cauli Local,5/23/2015,16.0
Cauli Local,5/24/2015,17.5
Cauli Local,5/25/2015,19.0
Cauli Local,5/26/2015,19.0
Cauli Local,5/27/2015,19.0
Cauli Local,5/28/2015,22.5
Cauli Local,5/29/2015,27.5
Cauli Local,5/30/2015,30.0
Cauli Local,5/31/2015,32.5
Cauli Local,6/1/2015,30.0
Cauli Local,6/2/2015,32.5
Cauli Local,6/3/2015,37.5
Cauli Local,6/4/2015,42.5
Cauli Local,6/5/2015,42.5
Cauli Local,6/6/2015,40.0
Cauli Local,6/7/2015,40.0
Cauli Local,6/8/2015,52.5
Cauli Local,6/9/2015,62.5
Cauli Local,6/10/2015,52.5
Cauli Local,6/11/2015,52.5
Cauli Local,6/12/2015,52.5
Cauli Local,6/13/2015,60.0
Cauli Local,6/14/2015,52.5
Cauli Local,6/15/2015,52.5
Cauli Local,6/16/2015,50.0
Cauli Local,6/17/2015,51.0
Cauli Local,6/18/2015,47.5
Cauli Local,6/19/2015,47.5
Cauli Local,6/20/2015,52.5
Cauli Local,6/21/2015,50.0
Cauli Local,6/22/2015,42.5
Cauli Local,6/23/2015,42.5
Cauli Local,6/24/2015,47.5
Cauli Local,6/25/2015,37.5
Cauli Local,6/26/2015,42.5
Cauli Local,6/27/2015,52.5
Cauli Local,6/28/2015,42.5
Cauli Local,6/29/2015,55.0
Cauli Local,6/30/2015,55.0
Cauli Local,7/1/2015,55.0
Cauli Local,7/2/2015,55.0
Cauli Local,7/3/2015,55.0
Cauli Local,7/4/2015,62.0
Cauli Local,7/5/2015,55.0
Cauli Local,7/6/2015,55.0
Cauli Local,7/7/2015,55.0
Cauli Local,7/8/2015,60.0
Cauli Local,7/9/2015,55.0
Cauli Local,7/10/2015,55.0
Cauli Local,7/11/2015,60.0
Cauli Local,7/12/2015,55.0
Cauli Local,7/13/2015,55.0
Cauli Local,7/14/2015,55.0
Cauli Local,7/15/2015,55.0
Cauli Local,7/16/2015,55.0
Cauli Local,7/17/2015,55.0
Cauli Local,7/18/2015,60.0
Cauli Local,7/19/2015,55.0
Cauli Local,7/20/2015,55.0
Cauli Local,7/21/2015,65.0
Cauli Local,7/22/2015,55.0
Cauli Local,7/23/2015,45.0
Cauli Local,7/24/2015,45.0
Cauli Local,7/25/2015,48.5
Cauli Local,7/26/2015,55.0
Cauli Local,7/27/2015,45.0
Cauli Local,7/28/2015,45.0
Cauli Local,7/29/2015,55.0
Cauli Local,7/30/2015,45.0
Cauli Local,7/31/2015,45.0
Cauli Local,8/1/2015,56.0
Cauli Local,8/2/2015,55.0
Cauli Local,8/3/2015,45.0
Cauli Local,8/4/2015,45.0
Cauli Local,8/5/2015,45.0
Cauli Local,8/6/2015,45.0
Cauli Local,8/7/2015,45.0
Cauli Local,8/8/2015,47.5
Cauli Local,8/9/2015,35.0
Cauli Local,8/10/2015,35.0
Cauli Local,8/11/2015,35.0
Cauli Local,8/12/2015,35.0
Cauli Local,8/13/2015,45.0
Cauli Local,8/14/2015,35.0
Cauli Local,8/15/2015,40.0
Cauli Local,8/16/2015,35.0
Cauli Local,8/17/2015,35.0
Cauli Local,8/18/2015,45.0
Cauli Local,8/19/2015,55.0
Cauli Local,8/20/2015,47.5
Cauli Local,8/21/2015,47.5
Cauli Local,8/22/2015,47.5
Cauli Local,8/23/2015,45.0
Cauli Local,8/24/2015,45.0
Cauli Local,8/25/2015,55.0
Cauli Local,8/26/2015,55.0
Cauli Local,8/27/2015,55.0
Cauli Local,8/28/2015,55.0
Cauli Local,8/29/2015,65.0
Cauli Local,8/30/2015,65.0
Cauli Local,8/31/2015,55.0
Cauli Local,9/1/2015,45.0
Cauli Local,9/2/2015,45.0
Cauli Local,9/3/2015,55.0
Cauli Local,9/4/2015,55.0
Cauli Local,9/5/2015,55.0
Cauli Local,9/6/2015,55.0
Cauli Local,9/7/2015,65.0
Cauli Local,9/8/2015,65.0
Cauli Local,9/9/2015,55.0
Cauli Local,9/10/2015,55.0
Cauli Local,9/11/2015,55.0
Cauli Local,9/12/2015,56.0
Cauli Local,9/13/2015,55.0
Cauli Local,9/14/2015,65.0
Cauli Local,9/15/2015,55.0
Cauli Local,9/16/2015,37.5
Cauli Local,9/17/2015,55.0
Cauli Local,9/18/2015,55.0
Cauli Local,9/19/2015,41.5
Cauli Local,9/20/2015,45.0
Cauli Local,9/21/2015,45.0
Cauli Local,9/22/2015,45.0
Cauli Local,9/23/2015,45.0
Cauli Local,9/24/2015,37.5
Cauli Local,9/25/2015,37.5
Cauli Local,9/26/2015,40.0
Cauli Local,9/27/2015,42.5
Cauli Local,9/28/2015,37.5
Cauli Local,9/29/2015,42.5
Cauli Local,9/30/2015,45.0
Cauli Local,10/1/2015,45.0
Cauli Local,10/2/2015,45.0
Cauli Local,10/3/2015,45.0
Cauli Local,10/4/2015,45.0
Cauli Local,10/5/2015,45.0
Cauli Local,10/6/2015,45.0
Cauli Local,10/7/2015,55.0
Cauli Local,10/8/2015,55.0
Cauli Local,10/9/2015,55.0
Cauli Local,10/10/2015,55.0
Cauli Local,10/11/2015,37.5
Cauli Local,10/12/2015,45.0
Cauli Local,10/13/2015,47.5
Cauli Local,10/14/2015,45.0
Cauli Local,10/15/2015,37.5
Cauli Local,10/16/2015,35.0
Cauli Local,10/17/2015,47.5
Cauli Local,10/18/2015,45.0
Cauli Local,10/19/2015,45.0
Cauli Local,10/20/2015,35.0
Cauli Local,10/21/2015,45.0
Cauli Local,10/22/2015,55.0
Cauli Local,10/23/2015,55.0
Cauli Local,10/24/2015,35.0
Cauli Local,10/25/2015,35.0
Cauli Local,10/26/2015,35.0
Cauli Local,10/27/2015,25.0
Cauli Local,10/28/2015,25.0
Cauli Local,10/29/2015,25.0
Cauli Local,10/30/2015,45.0
Cauli Local,10/31/2015,30.5
Cauli Local,11/1/2015,25.0
Cauli Local,11/2/2015,25.0
Cauli Local,11/3/2015,25.0
Cauli Local,11/4/2015,25.0
Cauli Local,11/5/2015,25.0
Cauli Local,11/6/2015,27.5
Cauli Local,11/7/2015,28.5
Cauli Local,11/8/2015,25.0
Cauli Local,11/9/2015,25.0
Cauli Local,11/10/2015,27.5
Cauli Local,11/11/2015,32.5
Cauli Local,11/12/2015,28.5
Cauli Local,11/13/2015,35.0
Cauli Local,11/14/2015,38.5
Cauli Local,11/15/2015,35.0
Cauli Local,11/16/2015,27.5
Cauli Local,11/17/2015,25.0
Cauli Local,11/18/2015,25.0
Cauli Local,11/19/2015,22.5
Cauli Local,11/20/2015,22.5
Cauli Local,11/21/2015,20.0
Cauli Local,11/22/2015,25.0
Cauli Local,11/23/2015,25.0
Cauli Local,11/24/2015,25.0
Cauli Local,11/25/2015,25.0
Cauli Local,11/26/2015,25.0
Cauli Local,11/27/2015,25.0
Cauli Local,11/28/2015,26.0
Cauli Local,11/29/2015,17.5
Cauli Local,11/30/2015,22.5
Cauli Local,12/1/2015,20.0
Cauli Local,12/2/2015,22.5
Cauli Local,12/3/2015,22.5
Cauli Local,12/4/2015,22.5
Cauli Local,12/5/2015,25.0
Cauli Local,12/6/2015,32.5
Cauli Local,12/7/2015,27.5
Cauli Local,12/8/2015,27.5
Cauli Local,12/9/2015,27.5
Cauli Local,12/10/2015,32.5
Cauli Local,12/11/2015,32.5
Cauli Local,12/12/2015,30.0
Cauli Local,12/13/2015,25.0
Cauli Local,12/14/2015,27.5
Cauli Local,12/15/2015,32.5
Cauli Local,12/16/2015,35.0
Cauli Local,12/17/2015,35.0
Cauli Local,12/18/2015,35.0
Cauli Local,12/19/2015,30.0
Cauli Local,12/20/2015,31.5
Cauli Local,12/21/2015,30.0
Cauli Local,12/22/2015,30.0
Cauli Local,12/23/2015,45.0
Cauli Local,12/24/2015,45.0
Cauli Local,12/25/2015,45.0
Cauli Local,12/26/2015,55.0
Cauli Local,12/27/2015,55.0
Cauli Local,12/28/2015,62.5
Cauli Local,12/29/2015,55.0
Cauli Local,12/30/2015,50.0
Cauli Local,12/31/2015,55.0
Cauli Local,1/1/2016,45.0
Cauli Local,1/2/2016,40.0
Cauli Local,1/3/2016,42.5
Cauli Local,1/4/2016,35.0
Cauli Local,1/5/2016,27.5
Cauli Local,1/6/2016,25.0
Cauli Local,1/7/2016,25.0
Cauli Local,1/8/2016,27.5
Cauli Local,1/9/2016,25.0
Cauli Local,1/10/2016,25.0
Cauli Local,1/11/2016,25.0
Cauli Local,1/12/2016,22.5
Cauli Local,1/13/2016,30.0
Cauli Local,1/14/2016,25.0
Cauli Local,1/15/2016,25.0
Cauli Local,1/16/2016,25.0
Cauli Local,1/17/2016,25.0
Cauli Local,1/18/2016,25.0
Cauli Local,1/19/2016,25.0
Cauli Local,1/20/2016,25.0
Cauli Local,1/21/2016,25.0
Cauli Local,1/22/2016,27.5
Cauli Local,1/23/2016,30.0
Cauli Local,1/24/2016,22.5
Cauli Local,1/25/2016,27.5
Cauli Local,1/26/2016,25.0
Cauli Local,1/27/2016,30.0
Cauli Local,1/28/2016,22.5
Cauli Local,1/29/2016,27.5
Cauli Local,1/30/2016,34.0
Cauli Local,1/31/2016,27.5
Cauli Local,2/1/2016,27.5
Cauli Local,2/2/2016,25.0
Cauli Local,2/3/2016,27.5
Cauli Local,2/4/2016,27.5
Cauli Local,2/5/2016,27.5
Cauli Local,2/6/2016,32.5
Cauli Local,2/7/2016,22.5
Cauli Local,2/8/2016,22.5
Cauli Local,2/9/2016,22.5
Cauli Local,2/10/2016,22.5
Cauli Local,2/11/2016,22.5
Cauli Local,2/12/2016,22.5
Cauli Local,2/13/2016,27.5
Cauli Local,2/14/2016,22.5
Cauli Local,2/15/2016,22.5
Cauli Local,2/16/2016,22.5
Cauli Local,2/17/2016,30.0
Cauli Local,2/18/2016,32.5
Cauli Local,2/19/2016,32.5
Cauli Local,2/20/2016,32.5
Cauli Local,2/21/2016,35.0
Cauli Local,2/22/2016,27.5
Cauli Local,2/23/2016,27.5
Cauli Local,2/24/2016,27.5
Cauli Local,2/25/2016,27.5
Cauli Local,2/26/2016,27.5
Cauli Local,2/27/2016,27.5
Cauli Local,2/28/2016,32.5
Cauli Local,2/29/2016,35.0
Cauli Local,3/1/2016,27.5
Cauli Local,3/2/2016,27.5
Cauli Local,3/4/2016,32.5
Cauli Local,3/5/2016,35.0
Cauli Local,3/6/2016,32.5
Cauli Local,3/7/2016,35.0
Cauli Local,3/8/2016,32.5
Cauli Local,3/9/2016,32.5
Cauli Local,3/10/2016,32.5
Cauli Local,3/11/2016,35.0
Cauli Local,3/12/2016,30.0
Cauli Local,3/13/2016,31.5
Cauli Local,3/15/2016,27.5
Cauli Local,3/16/2016,27.5
Cauli Local,3/17/2016,27.5
Cauli Local,3/18/2016,32.5
Cauli Local,3/19/2016,32.5
Cauli Local,3/20/2016,45.0
Cauli Local,3/21/2016,45.0
Cauli Local,3/22/2016,45.0
Cauli Local,3/23/2016,45.0
Cauli Local,3/24/2016,45.0
Cauli Local,3/25/2016,37.5
Cauli Local,3/26/2016,40.0
Cauli Local,3/27/2016,45.0
Cauli Local,3/28/2016,42.5
Cauli Local,3/29/2016,37.5
Cauli Local,3/30/2016,42.5
Cauli Local,3/31/2016,52.5
Cauli Local,4/1/2016,45.0
Cauli Local,4/2/2016,50.0
Cauli Local,4/3/2016,52.5
Cauli Local,4/4/2016,52.5
Cauli Local,4/5/2016,55.0
Cauli Local,4/6/2016,55.0
Cauli Local,4/7/2016,52.5
Cauli Local,4/8/2016,52.5
Cauli Local,4/9/2016,57.5
Cauli Local,4/10/2016,55.0
Cauli Local,4/11/2016,55.0
Cauli Local,4/12/2016,65.0
Cauli Local,4/13/2016,65.0
Cauli Local,4/14/2016,65.0
Cauli Local,4/15/2016,65.0
Cauli Local,4/16/2016,57.5
Cauli Local,4/17/2016,55.0
Cauli Local,4/18/2016,55.0
Cauli Local,4/19/2016,45.0
Cauli Local,4/20/2016,45.0
Cauli Local,4/21/2016,55.0
Cauli Local,4/22/2016,55.0
Cauli Local,4/23/2016,57.5
Cauli Local,4/24/2016,55.0
Cauli Local,4/25/2016,55.0
Cauli Local,4/26/2016,65.0
Cauli Local,4/27/2016,65.0
Cauli Local,4/28/2016,65.0
Cauli Local,4/29/2016,75.0
Cauli Local,4/30/2016,65.0
Cauli Local,5/1/2016,65.0
Cauli Local,5/2/2016,65.0
Cauli Local,5/3/2016,55.0
Cauli Local,5/4/2016,55.0
Cauli Local,5/5/2016,65.0
Cauli Local,5/6/2016,70.0
Cauli Local,5/7/2016,70.0
Cauli Local,5/8/2016,75.0
Cauli Local,5/9/2016,65.0
Cauli Local,5/10/2016,75.0
Cauli Local,5/11/2016,65.0
Cauli Local,5/12/2016,55.0
Cauli Local,5/13/2016,65.0
Cauli Local,5/14/2016,65.0
Cauli Local,5/15/2016,65.0
Cauli Local,5/16/2016,65.0
Cauli Local,5/17/2016,55.0
Cauli Local,5/18/2016,55.0
Cauli Local,5/19/2016,65.0
Cauli Local,5/20/2016,55.0
Cauli Local,5/21/2016,55.0
Cauli Local,5/22/2016,75.0
Cauli Local,5/23/2016,65.0
Cauli Local,5/24/2016,65.0
Cauli Local,5/25/2016,55.0
Cauli Local,5/26/2016,55.0
Cauli Local,5/27/2016,55.0
Cauli Local,5/28/2016,55.0
Cauli Local,5/29/2016,55.0
Cauli Local,5/30/2016,65.0
Cauli Local,5/31/2016,65.0
Cauli Local,6/1/2016,55.0
Cauli Local,6/2/2016,65.0
Cauli Local,6/3/2016,65.0
Cauli Local,6/4/2016,65.0
Cauli Local,6/5/2016,65.0
Cauli Local,6/6/2016,55.0
Cauli Local,6/7/2016,55.0
Cauli Local,6/8/2016,45.0
Cauli Local,6/9/2016,55.0
Cauli Local,6/10/2016,55.0
Cauli Local,6/11/2016,45.0
Cauli Local,6/12/2016,55.0
Cauli Local,6/13/2016,55.0
Cauli Local,6/14/2016,51.5
Cauli Local,6/15/2016,45.0
Cauli Local,6/16/2016,37.5
Cauli Local,6/17/2016,32.5
Cauli Local,6/18/2016,30.5
Cauli Local,6/19/2016,17.5
Cauli Local,6/20/2016,17.5
Cauli Local,6/21/2016,22.5
Cauli Local,6/22/2016,25.0
Cauli Local,6/23/2016,22.5
Cauli Local,6/24/2016,32.5
Cauli Local,6/25/2016,45.0
Cauli Local,6/26/2016,37.5
Cauli Local,6/27/2016,37.5
Cauli Local,6/28/2016,35.0
Cauli Local,6/29/2016,35.0
Cauli Local,6/30/2016,35.0
Cauli Local,7/1/2016,35.0
Cauli Local,7/2/2016,47.5
Cauli Local,7/3/2016,45.0
Cauli Local,7/4/2016,45.0
Cauli Local,7/5/2016,45.0
Cauli Local,7/6/2016,45.0
Cauli Local,7/7/2016,45.0
Cauli Local,7/8/2016,45.0
Cauli Local,7/9/2016,45.0
Cauli Local,7/10/2016,55.0
Cauli Local,7/11/2016,65.0
Cauli Local,7/12/2016,75.0
Cauli Local,7/13/2016,75.0
Cauli Local,7/14/2016,75.0
Cauli Local,7/15/2016,77.5
Cauli Local,7/16/2016,77.5
Cauli Local,7/17/2016,72.5
Cauli Local,7/18/2016,72.5
Cauli Local,7/19/2016,65.0
Cauli Local,7/20/2016,65.0
Cauli Local,7/21/2016,55.0
Cauli Local,7/22/2016,55.0
Cauli Local,7/23/2016,57.5
Cauli Local,7/24/2016,55.0
Cauli Local,7/25/2016,55.0
Cauli Local,7/26/2016,65.0
Cauli Local,7/27/2016,67.5
Cauli Local,7/28/2016,55.0
Cauli Local,7/29/2016,65.0
Cauli Local,7/30/2016,67.5
Cauli Local,7/31/2016,55.0
Cauli Local,8/1/2016,55.0
Cauli Local,8/2/2016,55.0
Cauli Local,8/3/2016,57.5
Cauli Local,8/4/2016,57.5
Cauli Local,8/5/2016,57.5
Cauli Local,8/6/2016,57.5
Cauli Local,8/7/2016,52.5
Cauli Local,8/8/2016,52.5
Cauli Local,8/9/2016,52.5
Cauli Local,8/10/2016,52.5
Cauli Local,8/11/2016,55.0
Cauli Local,8/12/2016,52.5
Cauli Local,8/13/2016,55.0
Cauli Local,8/14/2016,52.5
Cauli Local,8/15/2016,52.5
Cauli Local,8/16/2016,52.5
Cauli Local,8/17/2016,52.5
Cauli Local,8/18/2016,52.5
Cauli Local,8/19/2016,57.5
Cauli Local,8/20/2016,55.0
Cauli Local,8/21/2016,47.5
Cauli Local,8/22/2016,52.5
Cauli Local,8/23/2016,52.5
Cauli Local,8/24/2016,47.5
Cauli Local,8/25/2016,50.0
Cauli Local,8/26/2016,52.5
Cauli Local,8/27/2016,71.5
Cauli Local,8/28/2016,57.5
Cauli Local,8/29/2016,55.0
Cauli Local,8/30/2016,62.5
Cauli Local,8/31/2016,72.5
Cauli Local,9/1/2016,72.5
Cauli Local,9/2/2016,85.0
Cauli Local,9/3/2016,75.0
Cauli Local,9/4/2016,65.0
Cauli Local,9/5/2016,62.5
Cauli Local,9/6/2016,65.0
Cauli Local,9/7/2016,65.0
Cauli Local,9/8/2016,67.5
Cauli Local,9/9/2016,65.0
Cauli Local,9/10/2016,55.0
Cauli Local,9/11/2016,115.0
Cauli Local,9/12/2016,67.5
Cauli Local,9/13/2016,95.0
Cauli Local,9/14/2016,67.5
Cauli Local,9/15/2016,75.0
Cauli Local,9/16/2016,85.0
Cauli Local,9/17/2016,85.0
Cauli Local,9/18/2016,85.0
Cauli Local,9/19/2016,82.5
Cauli Local,9/20/2016,77.5
Cauli Local,9/21/2016,77.5
Cauli Local,9/22/2016,85.0
Cauli Local,9/23/2016,85.0
Cauli Local,9/24/2016,87.5
Cauli Local,9/25/2016,105.0
Cauli Local,9/26/2016,85.0
Cauli Local,9/27/2016,62.5
Cauli Local,9/28/2016,77.5
Cauli Local,9/29/2016,77.5
Cauli Local,9/30/2016,77.5
Cauli Local,10/1/2016,77.5
Cauli Local,10/2/2016,67.5
Cauli Local,10/3/2016,72.5
Cauli Local,10/4/2016,72.5
Cauli Local,10/5/2016,77.5
Cauli Local,10/6/2016,75.0
Cauli Local,10/7/2016,77.5
Cauli Local,10/8/2016,82.5
Cauli Local,10/9/2016,77.5
Cauli Local,10/10/2016,77.5
Cauli Local,10/11/2016,82.5
Cauli Local,10/12/2016,77.5
Cauli Local,10/13/2016,55.0
Cauli Local,10/14/2016,67.5
Cauli Local,10/15/2016,67.5
Cauli Local,10/16/2016,57.5
Cauli Local,10/17/2016,65.0
Cauli Local,10/18/2016,55.0
Cauli Local,10/19/2016,55.0
Cauli Local,10/20/2016,52.5
Cauli Local,10/21/2016,55.0
Cauli Local,10/22/2016,55.0
Cauli Local,10/23/2016,65.0
Cauli Local,10/24/2016,55.0
Cauli Local,10/25/2016,55.0
Cauli Local,10/26/2016,65.0
Cauli Local,10/27/2016,65.0
Cauli Local,10/28/2016,72.5
Cauli Local,10/29/2016,75.0
Cauli Local,10/30/2016,105.0
Cauli Local,10/31/2016,75.0
Cauli Local,11/1/2016,105.0
Cauli Local,11/2/2016,135.0
Cauli Local,11/3/2016,115.0
Cauli Local,11/4/2016,95.0
Cauli Local,11/5/2016,85.0
Cauli Local,11/6/2016,85.0
Cauli Local,11/7/2016,85.0
Cauli Local,11/8/2016,85.0
Cauli Local,11/9/2016,85.0
Cauli Local,11/10/2016,85.0
Cauli Local,11/11/2016,85.0
Cauli Local,11/12/2016,85.0
Cauli Local,11/13/2016,85.0
Cauli Local,11/14/2016,75.0
Cauli Local,11/15/2016,75.0
Cauli Local,11/16/2016,75.0
Cauli Local,11/17/2016,65.0
Cauli Local,11/18/2016,65.0
Cauli Local,11/19/2016,62.5
Cauli Local,11/20/2016,65.0
Cauli Local,11/21/2016,55.0
Cauli Local,11/22/2016,55.0
Cauli Local,11/23/2016,55.0
Cauli Local,11/24/2016,55.0
Cauli Local,11/25/2016,55.0
Cauli Local,11/26/2016,45.0
Cauli Local,11/27/2016,45.0
Cauli Local,11/28/2016,45.0
Cauli Local,11/29/2016,40.0
Cauli Local,11/30/2016,37.5
Cauli Local,12/1/2016,35.0
Cauli Local,12/2/2016,35.0
Cauli Local,12/3/2016,35.0
Cauli Local,12/4/2016,35.0
Cauli Local,12/5/2016,35.0
Cauli Local,12/6/2016,27.5
Cauli Local,12/7/2016,35.0
Cauli Local,12/8/2016,35.0
Cauli Local,12/9/2016,35.0
Cauli Local,12/10/2016,40.0
Cauli Local,12/11/2016,42.5
Cauli Local,12/12/2016,42.5
Cauli Local,12/13/2016,42.5
Cauli Local,12/14/2016,42.5
Cauli Local,12/15/2016,37.5
Cauli Local,12/16/2016,41.5
Cauli Local,12/17/2016,37.5
Cauli Local,12/18/2016,42.5
Cauli Local,12/19/2016,37.5
Cauli Local,12/20/2016,37.5
Cauli Local,12/21/2016,37.5
Cauli Local,12/22/2016,37.5
Cauli Local,12/23/2016,35.0
Cauli Local,12/24/2016,31.5
Cauli Local,12/25/2016,32.5
Cauli Local,12/26/2016,27.5
Cauli Local,12/27/2016,17.5
Cauli Local,12/28/2016,19.0
Cauli Local,12/29/2016,19.0
Cauli Local,12/30/2016,19.0
Cauli Local,12/31/2016,19.0
Cauli Local,1/1/2017,19.0
Cauli Local,1/2/2017,17.5
Cauli Local,1/3/2017,19.0
Cauli Local,1/4/2017,19.0
Cauli Local,1/5/2017,19.0
Cauli Local,1/6/2017,19.0
Cauli Local,1/7/2017,20.0
Cauli Local,1/8/2017,19.0
Cauli Local,1/9/2017,19.0
Cauli Local,1/10/2017,25.0
Cauli Local,1/11/2017,27.5
Cauli Local,1/12/2017,22.5
Cauli Local,1/13/2017,22.5
Cauli Local,1/14/2017,22.5
Cauli Local,1/15/2017,27.5
Cauli Local,1/16/2017,32.5
Cauli Local,1/17/2017,37.5
Cauli Local,1/18/2017,45.0
Cauli Local,1/19/2017,32.5
Cauli Local,1/20/2017,32.5
Cauli Local,1/21/2017,32.5
Cauli Local,1/22/2017,32.5
Cauli Local,1/23/2017,32.5
Cauli Local,1/24/2017,32.5
Cauli Local,1/25/2017,32.5
Cauli Local,1/26/2017,32.5
Cauli Local,1/27/2017,32.5
Cauli Local,1/28/2017,42.5
Cauli Local,1/29/2017,37.5
Cauli Local,1/30/2017,32.5
Cauli Local,1/31/2017,27.5
Cauli Local,2/1/2017,22.5
Cauli Local,2/2/2017,27.5
Cauli Local,2/3/2017,27.5
Cauli Local,2/4/2017,25.0
Cauli Local,2/5/2017,17.5
Cauli Local,2/6/2017,17.5
Cauli Local,2/7/2017,17.5
Cauli Local,2/8/2017,17.5
Cauli Local,2/9/2017,17.5
Cauli Local,2/10/2017,17.5
Cauli Local,2/11/2017,17.5
Cauli Local,2/12/2017,17.5
Cauli Local,2/13/2017,17.5
Cauli Local,2/14/2017,17.5
Cauli Local,2/15/2017,17.5
Cauli Local,2/16/2017,17.5
Cauli Local,2/17/2017,17.5
Cauli Local,2/18/2017,18.0
Cauli Local,2/19/2017,17.5
Cauli Local,2/20/2017,17.5
Cauli Local,2/21/2017,17.5
Cauli Local,2/22/2017,17.5
Cauli Local,2/23/2017,17.5
Cauli Local,2/25/2017,17.5
Cauli Local,2/26/2017,17.5
Cauli Local,2/27/2017,17.5
Cauli Local,2/28/2017,17.5
Cauli Local,3/1/2017,17.5
Cauli Local,3/2/2017,17.5
Cauli Local,3/4/2017,17.5
Cauli Local,3/5/2017,17.5
Cauli Local,3/6/2017,12.5
Cauli Local,3/7/2017,12.5
Cauli Local,3/8/2017,12.5
Cauli Local,3/9/2017,17.5
Cauli Local,3/10/2017,22.5
Cauli Local,3/11/2017,22.5
Cauli Local,3/13/2017,32.5
Cauli Local,3/14/2017,32.5
Cauli Local,3/15/2017,32.5
Cauli Local,3/16/2017,19.0
Cauli Local,3/17/2017,22.5
Cauli Local,3/18/2017,27.0
Cauli Local,3/19/2017,22.5
Cauli Local,3/20/2017,22.5
Cauli Local,3/21/2017,22.5
Cauli Local,3/22/2017,22.5
Cauli Local,3/23/2017,22.5
Cauli Local,3/24/2017,22.5
Cauli Local,3/25/2017,22.5
Cauli Local,3/26/2017,22.5
Cauli Local,3/27/2017,19.0
Cauli Local,3/28/2017,21.5
Cauli Local,3/29/2017,21.5
Cauli Local,3/30/2017,22.5
Cauli Local,3/31/2017,22.5
Cauli Local,4/1/2017,22.5
Cauli Local,4/2/2017,22.5
Cauli Local,4/3/2017,22.5
Cauli Local,4/4/2017,22.5
Cauli Local,4/5/2017,17.5
Cauli Local,4/6/2017,22.5
Cauli Local,4/7/2017,22.5
Cauli Local,4/8/2017,22.5
Cauli Local,4/9/2017,22.5
Cauli Local,4/10/2017,22.5
Cauli Local,4/11/2017,22.5
Cauli Local,4/12/2017,22.5
Cauli Local,4/13/2017,27.5
Cauli Local,4/14/2017,35.0
Cauli Local,4/15/2017,34.0
Cauli Local,4/16/2017,32.5
Cauli Local,4/17/2017,35.0
Cauli Local,4/18/2017,27.5
Cauli Local,4/19/2017,32.5
Cauli Local,4/20/2017,27.5
Cauli Local,4/21/2017,27.5
Cauli Local,4/22/2017,32.5
Cauli Local,4/23/2017,27.5
Cauli Local,4/24/2017,32.5
Cauli Local,4/25/2017,32.5
Cauli Local,4/26/2017,32.5
Cauli Local,4/27/2017,37.5
Cauli Local,4/28/2017,37.5
Cauli Local,4/29/2017,37.5
Cauli Local,4/30/2017,42.5
Cauli Local,5/1/2017,42.5
Cauli Local,5/2/2017,42.5
Cauli Local,5/3/2017,47.5
Cauli Local,5/4/2017,42.5
Cauli Local,5/5/2017,37.5
Cauli Local,5/6/2017,37.5
Cauli Local,5/7/2017,42.5
Cauli Local,5/8/2017,42.5
Cauli Local,5/9/2017,42.5
Cauli Local,5/10/2017,45.0
Cauli Local,5/11/2017,47.5
Cauli Local,5/12/2017,47.5
Cauli Local,5/13/2017,47.5
Cauli Local,5/15/2017,47.5
Cauli Local,5/16/2017,47.5
Cauli Local,5/17/2017,55.0
Cauli Local,5/18/2017,37.5
Cauli Local,5/19/2017,37.5
Cauli Local,5/20/2017,37.5
Cauli Local,5/21/2017,37.5
Cauli Local,5/22/2017,47.5
Cauli Local,5/23/2017,47.5
Cauli Local,5/24/2017,52.5
Cauli Local,5/25/2017,52.5
Cauli Local,5/26/2017,47.5
Cauli Local,5/27/2017,52.5
Cauli Local,5/28/2017,47.5
Cauli Local,5/29/2017,47.5
Cauli Local,5/30/2017,47.5
Cauli Local,5/31/2017,47.5
Cauli Local,6/1/2017,47.5
Cauli Local,6/2/2017,47.5
Cauli Local,6/3/2017,47.5
Cauli Local,6/4/2017,47.5
Cauli Local,6/5/2017,52.5
Cauli Local,6/6/2017,52.5
Cauli Local,6/7/2017,52.5
Cauli Local,6/8/2017,52.5
Cauli Local,6/9/2017,57.5
Cauli Local,6/10/2017,57.5
Cauli Local,6/11/2017,62.5
Cauli Local,6/12/2017,62.5
Cauli Local,6/13/2017,62.5
Cauli Local,6/14/2017,62.5
Cauli Local,6/15/2017,51.5
Cauli Local,6/16/2017,55.0
Cauli Local,6/17/2017,55.0
Cauli Local,6/18/2017,62.5
Cauli Local,6/19/2017,62.5
Cauli Local,6/20/2017,77.5
Cauli Local,6/21/2017,72.5
Cauli Local,6/22/2017,77.5
Cauli Local,6/23/2017,77.5
Cauli Local,6/24/2017,77.5
Cauli Local,6/25/2017,77.5
Cauli Local,6/26/2017,75.0
Cauli Local,6/27/2017,72.5
Cauli Local,6/28/2017,72.5
Cauli Local,6/29/2017,67.5
Cauli Local,6/30/2017,72.5
Cauli Local,7/1/2017,77.5
Cauli Local,7/2/2017,77.5
Cauli Local,7/3/2017,67.5
Cauli Local,7/4/2017,67.5
Cauli Local,7/5/2017,67.5
Cauli Local,7/6/2017,67.5
Cauli Local,7/7/2017,52.5
Cauli Local,7/8/2017,52.5
Cauli Local,7/9/2017,52.5
Cauli Local,7/10/2017,52.5
Cauli Local,7/11/2017,62.5
Cauli Local,7/12/2017,57.5
Cauli Local,7/13/2017,57.5
Cauli Local,7/14/2017,57.5
Cauli Local,7/15/2017,52.5
Cauli Local,7/16/2017,52.5
Cauli Local,7/17/2017,52.5
Cauli Local,7/18/2017,52.5
Cauli Local,7/19/2017,62.5
Cauli Local,7/20/2017,52.5
Cauli Local,7/21/2017,52.5
Cauli Local,7/22/2017,52.5
Cauli Local,7/23/2017,62.5
Cauli Local,7/24/2017,62.5
Cauli Local,7/25/2017,52.5
Cauli Local,7/26/2017,47.5
Cauli Local,7/27/2017,47.5
Cauli Local,7/28/2017,57.5
Cauli Local,7/29/2017,57.5
Cauli Local,7/30/2017,62.5
Cauli Local,7/31/2017,62.5
Cauli Local,8/1/2017,52.5
Cauli Local,8/2/2017,47.5
Cauli Local,8/3/2017,52.5
Cauli Local,8/4/2017,52.5
Cauli Local,8/5/2017,52.5
Cauli Local,8/6/2017,55.0
Cauli Local,8/7/2017,52.5
Cauli Local,8/8/2017,57.5
Cauli Local,8/9/2017,57.5
Cauli Local,8/10/2017,52.5
Cauli Local,8/11/2017,57.5
Cauli Local,8/12/2017,57.5
Cauli Local,8/13/2017,57.5
Cauli Local,8/14/2017,57.5
Cauli Local,8/15/2017,52.5
Cauli Local,8/16/2017,52.5
Cauli Local,8/17/2017,57.5
Cauli Local,8/18/2017,77.5
Cauli Local,8/19/2017,77.5
Cauli Local,8/20/2017,72.5
Cauli Local,8/21/2017,82.5
Cauli Local,8/22/2017,97.5
Cauli Local,8/23/2017,97.5
Cauli Local,8/24/2017,82.5
Cauli Local,8/25/2017,97.5
Cauli Local,8/26/2017,97.5
Cauli Local,8/27/2017,77.5
Cauli Local,8/28/2017,77.5
Cauli Local,8/29/2017,77.5
Cauli Local,8/30/2017,77.5
Cauli Local,8/31/2017,77.5
Cauli Local,9/1/2017,77.5
Cauli Local,9/2/2017,77.5
Cauli Local,9/3/2017,72.5
Cauli Local,9/4/2017,77.5
Cauli Local,9/5/2017,77.5
Cauli Local,9/6/2017,77.5
Cauli Local,9/7/2017,67.5
Cauli Local,9/8/2017,77.5
Cauli Local,9/9/2017,77.5
Cauli Local,9/10/2017,77.5
Cauli Local,9/11/2017,77.5
Cauli Local,9/12/2017,77.5
Cauli Local,9/13/2017,77.5
Cauli Local,9/14/2017,77.5
Cauli Local,9/15/2017,77.5
Cauli Local,9/16/2017,77.5
Cauli Local,9/17/2017,77.5
Cauli Local,9/18/2017,77.5
Cauli Local,9/20/2017,62.5
Cauli Local,9/21/2017,60.0
Cauli Local,9/22/2017,82.5
Cauli Local,9/23/2017,61.5
Cauli Local,9/24/2017,72.5
Cauli Local,9/25/2017,62.5
Cauli Local,9/26/2017,67.5
Cauli Local,9/27/2017,72.5
Cauli Local,9/28/2017,77.5
Cauli Local,9/29/2017,77.5
Cauli Local,9/30/2017,77.5
Cauli Local,10/1/2017,77.5
Cauli Local,10/2/2017,62.5
Cauli Local,10/3/2017,55.0
Cauli Local,10/4/2017,52.5
Cauli Local,10/5/2017,47.5
Cauli Local,10/6/2017,47.5
Cauli Local,10/7/2017,47.5
Cauli Local,10/8/2017,57.5
Cauli Local,10/9/2017,52.5
Cauli Local,10/10/2017,57.5
Cauli Local,10/11/2017,62.5
Cauli Local,10/12/2017,62.5
Cauli Local,10/13/2017,62.5
Cauli Local,10/14/2017,62.5
Cauli Local,10/15/2017,57.5
Cauli Local,10/16/2017,62.5
Cauli Local,10/17/2017,77.5
Cauli Local,10/18/2017,77.5
Cauli Local,10/19/2017,77.5
Cauli Local,10/20/2017,72.5
Cauli Local,10/21/2017,155.0
Cauli Local,10/22/2017,135.0
Cauli Local,10/23/2017,105.0
Cauli Local,10/24/2017,77.5
Cauli Local,10/25/2017,72.5
Cauli Local,10/26/2017,62.5
Cauli Local,10/27/2017,62.5
Cauli Local,10/28/2017,57.5
Cauli Local,10/29/2017,82.5
Cauli Local,10/30/2017,92.5
Cauli Local,10/31/2017,92.5
Cauli Local,11/1/2017,105.0
Cauli Local,11/2/2017,92.5
Cauli Local,11/3/2017,92.5
Cauli Local,11/4/2017,92.5
Cauli Local,11/5/2017,92.5
Cauli Local,11/6/2017,65.0
Cauli Local,11/7/2017,77.5
Cauli Local,11/8/2017,72.5
Cauli Local,11/9/2017,72.5
Cauli Local,11/10/2017,72.5
Cauli Local,11/11/2017,67.5
Cauli Local,11/12/2017,72.5
Cauli Local,11/13/2017,72.5
Cauli Local,11/14/2017,72.5
Cauli Local,11/15/2017,67.5
Cauli Local,11/16/2017,62.5
Cauli Local,11/17/2017,57.5
Cauli Local,11/18/2017,57.5
Cauli Local,11/19/2017,55.0
Cauli Local,11/20/2017,52.5
Cauli Local,11/21/2017,47.5
Cauli Local,11/22/2017,47.5
Cauli Local,11/23/2017,52.5
Cauli Local,11/24/2017,52.5
Cauli Local,11/25/2017,52.5
Cauli Local,11/26/2017,57.5
Cauli Local,11/27/2017,44.0
Cauli Local,11/28/2017,45.0
Cauli Local,11/29/2017,37.5
Cauli Local,11/30/2017,37.5
Cauli Local,12/1/2017,37.5
Cauli Local,12/2/2017,37.5
Cauli Local,12/3/2017,37.5
Cauli Local,12/4/2017,42.5
Cauli Local,12/5/2017,42.5
Cauli Local,12/6/2017,37.5
Cauli Local,12/8/2017,37.5
Cauli Local,12/9/2017,37.5
Cauli Local,12/10/2017,37.5
Cauli Local,12/11/2017,37.5
Cauli Local,12/12/2017,27.5
Cauli Local,12/13/2017,22.5
Cauli Local,12/14/2017,19.0
Cauli Local,12/15/2017,19.0
Cauli Local,12/16/2017,30.0
Cauli Local,12/17/2017,23.5
Cauli Local,12/18/2017,22.5
Cauli Local,12/19/2017,22.5
Cauli Local,12/20/2017,19.0
Cauli Local,12/27/2017,22.5
Cauli Local,12/28/2017,22.5
Cauli Local,12/29/2017,22.5
Cauli Local,12/30/2017,22.5
Cauli Local,12/31/2017,22.5
Cauli Local,1/1/2018,22.5
Cauli Local,1/2/2018,27.5
Cauli Local,1/3/2018,27.5
Cauli Local,1/4/2018,27.5
Cauli Local,1/5/2018,27.5
Cauli Local,1/6/2018,25.0
Cauli Local,1/7/2018,22.5
Cauli Local,1/8/2018,22.5
Cauli Local,1/9/2018,22.5
Cauli Local,1/10/2018,42.5
Cauli Local,1/11/2018,47.5
Cauli Local,1/12/2018,42.5
Cauli Local,1/13/2018,47.5
Cauli Local,1/14/2018,47.5
Cauli Local,1/16/2018,42.5
Cauli Local,1/17/2018,47.5
Cauli Local,1/18/2018,47.5
Cauli Local,1/19/2018,42.5
Cauli Local,1/20/2018,44.0
Cauli Local,1/21/2018,37.5
Cauli Local,1/22/2018,37.5
Cauli Local,1/23/2018,37.5
Cauli Local,1/24/2018,37.5
Cauli Local,1/25/2018,42.5
Cauli Local,1/26/2018,37.5
Cauli Local,1/27/2018,32.5
Cauli Local,1/28/2018,32.5
Cauli Local,1/29/2018,37.5
Cauli Local,1/30/2018,32.5
Cauli Local,1/31/2018,32.5
Cauli Local,2/1/2018,32.5
Cauli Local,2/2/2018,32.5
Cauli Local,2/3/2018,32.5
Cauli Local,2/4/2018,37.5
Cauli Local,2/5/2018,47.5
Cauli Local,2/6/2018,47.5
Cauli Local,2/7/2018,47.5
Cauli Local,2/8/2018,47.5
Cauli Local,2/9/2018,37.5
Cauli Local,2/10/2018,42.5
Cauli Local,2/11/2018,47.5
Cauli Local,2/12/2018,52.5
Cauli Local,2/13/2018,47.5
Cauli Local,2/14/2018,52.5
Cauli Local,2/15/2018,47.5
Cauli Local,2/16/2018,42.5
Cauli Local,2/17/2018,47.5
Cauli Local,2/18/2018,37.5
Cauli Local,2/19/2018,37.5
Cauli Local,2/20/2018,37.5
Cauli Local,2/21/2018,37.5
Cauli Local,2/22/2018,37.5
Cauli Local,2/23/2018,32.5
Cauli Local,2/24/2018,32.5
Cauli Local,2/25/2018,27.5
Cauli Local,2/26/2018,37.5
Cauli Local,2/27/2018,32.5
Cauli Local,2/28/2018,29.0
Cauli Local,3/1/2018,29.0
Cauli Local,3/2/2018,32.5
Cauli Local,3/3/2018,27.5
Cauli Local,3/5/2018,27.5
Cauli Local,3/6/2018,27.5
Cauli Local,3/7/2018,22.5
Cauli Local,3/8/2018,22.5
Cauli Local,3/9/2018,27.5
Cauli Local,3/10/2018,45.0
Cauli Local,3/11/2018,37.5
Cauli Local,3/12/2018,24.0
Cauli Local,3/13/2018,31.5
Cauli Local,3/14/2018,32.5
Cauli Local,3/15/2018,37.5
Cauli Local,3/16/2018,37.5
Cauli Local,3/17/2018,42.5
Cauli Local,3/18/2018,42.5
Cauli Local,3/19/2018,37.5
Cauli Local,3/20/2018,42.5
Cauli Local,3/21/2018,47.5
Cauli Local,3/22/2018,45.0
Cauli Local,3/23/2018,47.5
Cauli Local,3/24/2018,52.5
Cauli Local,3/25/2018,47.5
Cauli Local,3/26/2018,47.5
Cauli Local,3/27/2018,52.5
Cauli Local,3/28/2018,52.5
Cauli Local,3/29/2018,52.5
Cauli Local,3/30/2018,52.5
Cauli Local,3/31/2018,47.5
Cauli Local,4/1/2018,47.5
Cauli Local,4/2/2018,47.5
Cauli Local,4/3/2018,52.5
Cauli Local,4/4/2018,62.5
Cauli Local,4/5/2018,62.5
Cauli Local,4/6/2018,57.5
Cauli Local,4/7/2018,52.5
Cauli Local,4/8/2018,57.5
Cauli Local,4/9/2018,57.5
Cauli Local,4/10/2018,52.5
Cauli Local,4/11/2018,52.5
Cauli Local,4/12/2018,52.5
Cauli Local,4/13/2018,52.5
Cauli Local,4/14/2018,52.5
Cauli Local,4/15/2018,52.5
Cauli Local,4/16/2018,52.5
Cauli Local,4/17/2018,62.5
Cauli Local,4/18/2018,52.5
Cauli Local,4/19/2018,52.5
Cauli Local,4/20/2018,52.5
Cauli Local,4/21/2018,52.5
Cauli Local,4/22/2018,42.5
Cauli Local,4/23/2018,42.5
Cauli Local,4/24/2018,37.5
Cauli Local,4/25/2018,37.5
Cauli Local,4/26/2018,42.5
Cauli Local,4/27/2018,47.5
Cauli Local,4/28/2018,47.5
Cauli Local,4/29/2018,42.5
Cauli Local,4/30/2018,47.5
Cauli Local,5/1/2018,47.5
Cauli Local,5/2/2018,37.5
Cauli Local,5/3/2018,37.5
Cauli Local,5/4/2018,37.5
Cauli Local,5/5/2018,37.5
Cauli Local,5/6/2018,37.5
Cauli Local,5/7/2018,32.5
Cauli Local,5/8/2018,37.5
Cauli Local,5/9/2018,32.5
Cauli Local,5/10/2018,32.5
Cauli Local,5/11/2018,32.5
Cauli Local,5/12/2018,37.5
Cauli Local,5/13/2018,27.5
Cauli Local,5/14/2018,27.5
Cauli Local,5/15/2018,37.5
Cauli Local,5/16/2018,27.5
Cauli Local,5/17/2018,27.5
Cauli Local,5/18/2018,27.5
Cauli Local,5/19/2018,27.5
Cauli Local,5/20/2018,27.5
Cauli Local,5/21/2018,27.5
Cauli Local,5/22/2018,27.5
Cauli Local,5/23/2018,30.5
Cauli Local,5/24/2018,32.5
Cauli Local,5/25/2018,32.5
Cauli Local,5/26/2018,27.5
Cauli Local,5/27/2018,37.5
Cauli Local,5/28/2018,42.5
Cauli Local,5/29/2018,52.5
Cauli Local,5/30/2018,52.5
Cauli Local,5/31/2018,52.5
Cauli Local,6/1/2018,57.5
Cauli Local,6/2/2018,57.5
Cauli Local,6/3/2018,57.5
Cauli Local,6/4/2018,32.5
Cauli Local,6/5/2018,59.0
Cauli Local,6/6/2018,67.5
Cauli Local,6/7/2018,77.5
Cauli Local,6/8/2018,67.5
Cauli Local,6/9/2018,67.5
Cauli Local,6/10/2018,67.5
Cauli Local,6/11/2018,62.5
Cauli Local,6/12/2018,77.5
Cauli Local,6/13/2018,77.5
Cauli Local,6/14/2018,77.5
Cauli Local,6/15/2018,77.5
Cauli Local,6/16/2018,77.5
Cauli Local,6/17/2018,77.5
Cauli Local,6/18/2018,77.5
Cauli Local,6/19/2018,77.5
Cauli Local,6/20/2018,77.5
Cauli Local,6/21/2018,97.5
Cauli Local,6/22/2018,87.5
Cauli Local,6/23/2018,87.5
Cauli Local,6/24/2018,87.5
Cauli Local,6/25/2018,77.5
Cauli Local,6/26/2018,72.5
Cauli Local,6/27/2018,57.5
Cauli Local,6/28/2018,57.5
Cauli Local,6/29/2018,62.5
Cauli Local,6/30/2018,57.5
Cauli Local,7/1/2018,57.5
Cauli Local,7/2/2018,57.5
Cauli Local,7/3/2018,97.5
Cauli Local,7/4/2018,47.5
Cauli Local,7/5/2018,42.5
Cauli Local,7/6/2018,47.5
Cauli Local,7/7/2018,37.5
Cauli Local,7/8/2018,37.5
Cauli Local,7/9/2018,42.5
Cauli Local,7/10/2018,47.5
Cauli Local,7/11/2018,42.5
Cauli Local,7/12/2018,37.5
Cauli Local,7/13/2018,52.5
Cauli Local,7/14/2018,47.5
Cauli Local,7/15/2018,57.5
Cauli Local,7/16/2018,42.5
Cauli Local,7/17/2018,57.5
Cauli Local,7/18/2018,52.5
Cauli Local,7/19/2018,52.5
Cauli Local,7/20/2018,52.5
Cauli Local,7/21/2018,52.5
Cauli Local,7/22/2018,57.5
Cauli Local,7/23/2018,47.5
Cauli Local,7/24/2018,52.5
Cauli Local,7/25/2018,42.5
Cauli Local,7/26/2018,47.5
Cauli Local,7/27/2018,47.5
Cauli Local,7/28/2018,47.5
Cauli Local,7/29/2018,57.5
Cauli Local,7/30/2018,52.5
Cauli Local,7/31/2018,52.5
Cauli Local,8/1/2018,47.5
Cauli Local,8/2/2018,52.5
Cauli Local,8/3/2018,52.5
Cauli Local,8/4/2018,52.5
Cauli Local,8/5/2018,62.5
Cauli Local,8/6/2018,67.5
Cauli Local,8/7/2018,67.5
Cauli Local,8/8/2018,67.5
Cauli Local,8/9/2018,62.5
Cauli Local,8/10/2018,67.5
Cauli Local,8/11/2018,67.5
Cauli Local,8/12/2018,77.5
Cauli Local,8/13/2018,72.5
Cauli Local,8/14/2018,97.5
Cauli Local,8/15/2018,97.5
Cauli Local,8/16/2018,97.5
Cauli Local,8/17/2018,97.5
Cauli Local,8/18/2018,75.0
Cauli Local,8/19/2018,97.5
Cauli Local,8/20/2018,97.5
Cauli Local,8/21/2018,97.5
Cauli Local,8/22/2018,97.5
Cauli Local,8/23/2018,92.5
Cauli Local,8/24/2018,92.5
Cauli Local,8/25/2018,85.0
Cauli Local,8/26/2018,80.0
Cauli Local,8/27/2018,75.0
Cauli Local,8/28/2018,75.0
Cauli Local,8/29/2018,92.5
Cauli Local,8/30/2018,97.5
Cauli Local,8/31/2018,92.5
Cauli Local,9/1/2018,87.5
Cauli Local,9/2/2018,97.5
Cauli Local,9/3/2018,97.5
Cauli Local,9/4/2018,97.5
Cauli Local,9/5/2018,92.5
Cauli Local,9/6/2018,87.5
Cauli Local,9/7/2018,87.5
Cauli Local,9/8/2018,87.5
Cauli Local,9/9/2018,105.0
Cauli Local,9/10/2018,115.0
Cauli Local,9/11/2018,115.0
Cauli Local,9/12/2018,97.5
Cauli Local,9/13/2018,97.5
Cauli Local,9/14/2018,105.0
Cauli Local,9/15/2018,95.0
Cauli Local,9/16/2018,105.0
Cauli Local,9/17/2018,97.5
Cauli Local,9/18/2018,97.5
Cauli Local,9/19/2018,115.0
Cauli Local,9/20/2018,105.0
Cauli Local,9/21/2018,115.0
Cauli Local,9/22/2018,95.0
Cauli Local,9/23/2018,97.5
Cauli Local,9/24/2018,87.5
Cauli Local,9/25/2018,97.5
Cauli Local,9/26/2018,97.5
Cauli Local,9/27/2018,97.5
Cauli Local,9/28/2018,97.5
Cauli Local,9/29/2018,97.5
Cauli Local,9/30/2018,92.5
Cauli Local,10/1/2018,85.0
Cauli Local,10/2/2018,92.5
Cauli Local,10/3/2018,87.5
Cauli Local,10/4/2018,85.0
Cauli Local,10/5/2018,97.5
Cauli Local,10/6/2018,92.5
Cauli Local,10/7/2018,77.5
Cauli Local,10/8/2018,77.5
Cauli Local,10/9/2018,67.5
Cauli Local,10/10/2018,72.5
Cauli Local,10/11/2018,67.5
Cauli Local,10/12/2018,67.5
Cauli Local,10/13/2018,77.5
Cauli Local,10/14/2018,67.5
Cauli Local,10/15/2018,55.0
Cauli Local,10/16/2018,57.5
Cauli Local,10/17/2018,67.5
Cauli Local,10/18/2018,57.5
Cauli Local,10/19/2018,47.5
Cauli Local,10/20/2018,50.0
Cauli Local,10/21/2018,42.5
Cauli Local,10/22/2018,27.5
Cauli Local,10/23/2018,27.5
Cauli Local,10/24/2018,27.5
Cauli Local,10/25/2018,32.5
Cauli Local,10/26/2018,27.5
Cauli Local,10/27/2018,30.0
Cauli Local,10/28/2018,30.0
Cauli Local,10/29/2018,32.5
Cauli Local,10/30/2018,27.5
Cauli Local,10/31/2018,32.5
Cauli Local,11/1/2018,37.5
Cauli Local,11/2/2018,37.5
Cauli Local,11/3/2018,32.5
Cauli Local,11/4/2018,32.5
Cauli Local,11/5/2018,37.5
Cauli Local,11/6/2018,32.5
Cauli Local,11/7/2018,37.5
Cauli Local,11/8/2018,27.5
Cauli Local,11/9/2018,27.5
Cauli Local,11/10/2018,32.5
Cauli Local,11/11/2018,32.5
Cauli Local,11/12/2018,27.5
Cauli Local,11/13/2018,17.5
Cauli Local,11/14/2018,17.5
Cauli Local,11/15/2018,17.5
Cauli Local,11/16/2018,17.5
Cauli Local,11/17/2018,17.5
Cauli Local,11/18/2018,17.5
Cauli Local,11/19/2018,17.5
Cauli Local,11/20/2018,20.0
Cauli Local,11/21/2018,20.0
Cauli Local,11/22/2018,17.5
Cauli Local,11/23/2018,17.5
Cauli Local,11/24/2018,17.5
Cauli Local,11/25/2018,17.5
Cauli Local,11/26/2018,17.5
Cauli Local,11/27/2018,17.5
Cauli Local,11/28/2018,17.5
Cauli Local,11/29/2018,17.5
Cauli Local,11/30/2018,17.5
Cauli Local,12/1/2018,17.5
Cauli Local,12/2/2018,17.5
Cauli Local,12/3/2018,17.5
Cauli Local,12/4/2018,17.5
Cauli Local,12/5/2018,17.5
Cauli Local,12/6/2018,17.5
Cauli Local,12/7/2018,22.5
Cauli Local,12/8/2018,22.5
Cauli Local,12/9/2018,27.5
Cauli Local,12/10/2018,25.0
Cauli Local,12/11/2018,32.5
Cauli Local,12/12/2018,37.5
Cauli Local,12/13/2018,47.5
Cauli Local,12/14/2018,47.5
Cauli Local,12/15/2018,47.5
Cauli Local,12/16/2018,52.5
Cauli Local,12/17/2018,37.5
Cauli Local,12/18/2018,42.5
Cauli Local,12/19/2018,42.5
Cauli Local,12/20/2018,37.5
Cauli Local,12/21/2018,42.5
Cauli Local,12/22/2018,42.5
Cauli Local,12/23/2018,42.5
Cauli Local,12/24/2018,37.5
Cauli Local,12/25/2018,37.5
Cauli Local,12/26/2018,37.5
Cauli Local,12/27/2018,32.5
Cauli Local,12/28/2018,32.5
Cauli Local,12/29/2018,32.5
Cauli Local,12/30/2018,32.5
Cauli Local,12/31/2018,37.5
Cauli Local,1/1/2019,42.5
Cauli Local,1/2/2019,32.5
Cauli Local,1/3/2019,32.5
Cauli Local,1/4/2019,32.5
Cauli Local,1/5/2019,32.5
Cauli Local,1/6/2019,42.5
Cauli Local,1/7/2019,32.5
Cauli Local,1/8/2019,37.5
Cauli Local,1/9/2019,32.5
Cauli Local,1/10/2019,32.5
Cauli Local,1/11/2019,32.5
Cauli Local,1/12/2019,32.5
Cauli Local,1/13/2019,32.5
Cauli Local,1/14/2019,27.5
Cauli Local,1/15/2019,37.5
Cauli Local,1/16/2019,32.5
Cauli Local,1/17/2019,27.5
Cauli Local,1/18/2019,27.5
Cauli Local,1/19/2019,27.5
Cauli Local,1/20/2019,27.5
Cauli Local,1/21/2019,22.5
Cauli Local,1/22/2019,27.5
Cauli Local,1/23/2019,26.0
Cauli Local,1/24/2019,21.5
Cauli Local,1/25/2019,17.5
Cauli Local,1/26/2019,18.5
Cauli Local,1/27/2019,22.5
Cauli Local,1/28/2019,19.5
Cauli Local,1/29/2019,17.5
Cauli Local,1/30/2019,17.5
Cauli Local,1/31/2019,17.5
Cauli Local,2/1/2019,17.5
Cauli Local,2/2/2019,17.5
Cauli Local,2/3/2019,17.5
Cauli Local,2/4/2019,17.5
Cauli Local,2/5/2019,17.5
Cauli Local,2/6/2019,17.5
Cauli Local,2/7/2019,17.5
Cauli Local,2/8/2019,22.5
Cauli Local,2/9/2019,27.5
Cauli Local,2/10/2019,22.5
Cauli Local,2/11/2019,17.5
Cauli Local,2/12/2019,17.5
Cauli Local,2/13/2019,17.5
Cauli Local,2/14/2019,17.5
Cauli Local,2/15/2019,17.5
Cauli Local,2/16/2019,17.5
Cauli Local,2/17/2019,17.5
Cauli Local,2/18/2019,12.5
Cauli Local,2/19/2019,12.5
Cauli Local,2/20/2019,12.5
Cauli Local,2/21/2019,12.5
Cauli Local,2/22/2019,12.5
Cauli Local,2/23/2019,12.5
Cauli Local,2/24/2019,17.5
Cauli Local,2/25/2019,17.5
Cauli Local,2/26/2019,17.5
Cauli Local,2/27/2019,13.5
Cauli Local,2/28/2019,17.5
Cauli Local,3/1/2019,16.5
Cauli Local,3/2/2019,17.5
Cauli Local,3/3/2019,17.5
Cauli Local,3/5/2019,17.5
Cauli Local,3/6/2019,17.5
Cauli Local,3/7/2019,20.0
Cauli Local,3/8/2019,22.5
Cauli Local,3/9/2019,27.5
Cauli Local,3/10/2019,27.5
Cauli Local,3/11/2019,22.5
Cauli Local,3/12/2019,22.5
Cauli Local,3/13/2019,22.5
Cauli Local,3/14/2019,26.5
Cauli Local,3/15/2019,24.0
Cauli Local,3/16/2019,17.5
Cauli Local,3/17/2019,22.5
Cauli Local,3/18/2019,17.5
Cauli Local,3/19/2019,17.5
Cauli Local,3/20/2019,17.5
Cauli Local,3/21/2019,17.5
Cauli Local,3/22/2019,17.5
Cauli Local,3/23/2019,17.5
Cauli Local,3/24/2019,22.5
Cauli Local,3/25/2019,17.5
Cauli Local,3/26/2019,20.0
Cauli Local,3/27/2019,17.5
Cauli Local,3/28/2019,21.5
Cauli Local,3/29/2019,17.5
Cauli Local,3/30/2019,17.5
Cauli Local,3/31/2019,22.5
Cauli Local,4/1/2019,17.5
Cauli Local,4/2/2019,17.5
Cauli Local,4/3/2019,15.0
Cauli Local,4/4/2019,17.5
Cauli Local,4/5/2019,27.5
Cauli Local,4/6/2019,22.5
Cauli Local,4/7/2019,37.5
Cauli Local,4/8/2019,20.0
Cauli Local,4/9/2019,17.5
Cauli Local,4/10/2019,27.5
Cauli Local,4/11/2019,32.5
Cauli Local,4/12/2019,27.5
Cauli Local,4/13/2019,27.5
Cauli Local,4/14/2019,32.5
Cauli Local,4/15/2019,42.5
Cauli Local,4/16/2019,27.5
Cauli Local,4/17/2019,27.5
Cauli Local,4/18/2019,32.5
Cauli Local,4/19/2019,32.5
Cauli Local,4/20/2019,37.5
Cauli Local,4/21/2019,42.5
Cauli Local,4/22/2019,42.5
Cauli Local,4/23/2019,47.5
Cauli Local,4/24/2019,32.5
Cauli Local,4/25/2019,44.0
Cauli Local,4/26/2019,47.5
Cauli Local,4/27/2019,57.5
Cauli Local,4/28/2019,52.5
Cauli Local,4/29/2019,52.5
Cauli Local,4/30/2019,57.5
Cauli Local,5/1/2019,67.5
Cauli Local,5/2/2019,52.5
Cauli Local,5/3/2019,57.5
Cauli Local,5/4/2019,52.5
Cauli Local,5/5/2019,57.5
Cauli Local,5/6/2019,57.5
Cauli Local,5/7/2019,57.5
Cauli Local,5/8/2019,67.5
Cauli Local,5/9/2019,67.5
Cauli Local,5/10/2019,67.5
Cauli Local,5/11/2019,67.5
Cauli Local,5/12/2019,62.5
Cauli Local,5/13/2019,57.5
Cauli Local,5/14/2019,62.5
Cauli Local,5/15/2019,57.5
Cauli Local,5/16/2019,57.5
Cauli Local,5/17/2019,57.5
Cauli Local,5/18/2019,57.5
Cauli Local,5/19/2019,67.5
Cauli Local,5/20/2019,57.5
Cauli Local,5/21/2019,67.5
Cauli Local,5/22/2019,55.0
Cauli Local,5/23/2019,57.5
Cauli Local,5/24/2019,67.5
Cauli Local,5/25/2019,60.0
Cauli Local,5/26/2019,67.5
Cauli Local,5/27/2019,57.5
Cauli Local,5/28/2019,75.0
Cauli Local,5/29/2019,67.5
Cauli Local,5/30/2019,67.5
Cauli Local,5/31/2019,67.5
Cauli Local,6/1/2019,67.5
Cauli Local,6/2/2019,75.0
Cauli Local,6/3/2019,77.5
Cauli Local,6/4/2019,77.5
Cauli Local,6/5/2019,77.5
Cauli Local,6/6/2019,77.5
Cauli Local,6/7/2019,77.5
Cauli Local,6/8/2019,77.5
Cauli Local,6/9/2019,95.0
Cauli Local,6/10/2019,95.0
Cauli Local,6/11/2019,95.0
Cauli Local,6/12/2019,95.0
Cauli Local,6/13/2019,95.0
Cauli Local,6/14/2019,95.0
Cauli Local,6/15/2019,85.0
Cauli Local,6/16/2019,95.0
Cauli Local,6/17/2019,87.5
Cauli Local,6/18/2019,90.0
Cauli Local,6/19/2019,77.5
Cauli Local,6/20/2019,77.5
Cauli Local,6/21/2019,67.5
Cauli Local,6/22/2019,80.0
Cauli Local,6/23/2019,77.5
Cauli Local,6/24/2019,67.5
Cauli Local,6/25/2019,67.5
Cauli Local,6/26/2019,62.5
Cauli Local,6/27/2019,67.5
Cauli Local,6/28/2019,67.5
Cauli Local,6/29/2019,67.5
Cauli Local,6/30/2019,67.5
Cauli Local,7/1/2019,72.5
Cauli Local,7/2/2019,67.5
Cauli Local,7/3/2019,65.0
Cauli Local,7/4/2019,77.5
Cauli Local,7/5/2019,77.5
Cauli Local,7/6/2019,77.5
Cauli Local,7/7/2019,72.5
Cauli Local,7/8/2019,77.5
Cauli Local,7/9/2019,67.5
Cauli Local,7/10/2019,67.5
Cauli Local,7/11/2019,82.5
Cauli Local,7/12/2019,62.5
Cauli Local,7/13/2019,75.0
Cauli Local,7/14/2019,80.0
Cauli Local,7/15/2019,57.5
Cauli Local,7/16/2019,67.5
Cauli Local,7/17/2019,77.5
Cauli Local,7/18/2019,62.5
Cauli Local,7/19/2019,62.5
Cauli Local,7/20/2019,75.0
Cauli Local,7/21/2019,77.5
Cauli Local,7/22/2019,67.5
Cauli Local,7/23/2019,77.5
Cauli Local,7/24/2019,77.5
Cauli Local,7/25/2019,77.5
Cauli Local,7/26/2019,77.5
Cauli Local,7/27/2019,77.5
Cauli Local,7/28/2019,97.5
Cauli Local,7/29/2019,87.5
Cauli Local,7/30/2019,92.5
Cauli Local,7/31/2019,77.5
Cauli Local,8/1/2019,97.5
Cauli Local,8/2/2019,87.5
Cauli Local,8/3/2019,94.0
Cauli Local,8/4/2019,87.5
Cauli Local,8/5/2019,85.0
Cauli Local,8/6/2019,92.5
Cauli Local,8/7/2019,75.0
Cauli Local,8/8/2019,77.5
Cauli Local,8/9/2019,67.5
Cauli Local,8/10/2019,72.5
Cauli Local,8/11/2019,90.0
Cauli Local,8/12/2019,77.5
Cauli Local,8/13/2019,87.5
Cauli Local,8/14/2019,87.5
Cauli Local,8/15/2019,95.0
Cauli Local,8/16/2019,92.5
Cauli Local,8/17/2019,72.5
Cauli Local,8/18/2019,75.0
Cauli Local,8/19/2019,72.5
Cauli Local,8/20/2019,67.5
Cauli Local,8/21/2019,60.0
Cauli Local,8/22/2019,67.5
Cauli Local,8/23/2019,72.5
Cauli Local,8/24/2019,67.5
Cauli Local,8/25/2019,77.5
Cauli Local,8/26/2019,77.5
Cauli Local,8/27/2019,77.5
Cauli Local,8/28/2019,77.5
Cauli Local,8/29/2019,105.0
Cauli Local,8/30/2019,97.5
Cauli Local,8/31/2019,115.0
Cauli Local,9/1/2019,107.5
Cauli Local,9/2/2019,87.5
Cauli Local,9/3/2019,77.5
Cauli Local,9/4/2019,77.5
Cauli Local,9/5/2019,67.5
Cauli Local,9/6/2019,77.5
Cauli Local,9/7/2019,77.5
Cauli Local,9/8/2019,77.5
Cauli Local,9/9/2019,72.5
Cauli Local,9/10/2019,67.5
Cauli Local,9/11/2019,77.5
Cauli Local,9/12/2019,67.5
Cauli Local,9/13/2019,67.5
Cauli Local,9/14/2019,105.0
Cauli Local,9/15/2019,82.5
Cauli Local,9/16/2019,77.5
Cauli Local,9/17/2019,77.5
Cauli Local,9/18/2019,137.5
Cauli Local,9/19/2019,105.0
Cauli Local,9/20/2019,77.5
Cauli Local,9/21/2019,77.5
Cauli Local,9/22/2019,97.5
Cauli Local,9/23/2019,97.5
Cauli Local,9/24/2019,77.5
Cauli Local,9/25/2019,97.5
Cauli Local,9/26/2019,85.0
Cauli Local,9/27/2019,95.0
Cauli Local,9/28/2019,97.5
Cauli Local,9/29/2019,115.0
Cauli Local,9/30/2019,77.5
Cauli Local,10/1/2019,77.5
Cauli Local,10/2/2019,97.5
Cauli Local,10/3/2019,97.5
Cauli Local,10/4/2019,77.5
Cauli Local,10/5/2019,85.0
Cauli Local,10/6/2019,115.0
Cauli Local,10/7/2019,97.5
Cauli Local,10/8/2019,135.0
Cauli Local,10/9/2019,115.0
Cauli Local,10/10/2019,105.0
Cauli Local,10/11/2019,97.5
Cauli Local,10/12/2019,77.5
Cauli Local,10/13/2019,77.5
Cauli Local,10/14/2019,77.5
Cauli Local,10/15/2019,82.5
Cauli Local,10/16/2019,77.5
Cauli Local,10/17/2019,77.5
Cauli Local,10/18/2019,97.5
Cauli Local,10/19/2019,67.5
Cauli Local,10/20/2019,77.5
Cauli Local,10/21/2019,77.5
Cauli Local,10/22/2019,77.5
Cauli Local,10/23/2019,72.5
Cauli Local,10/24/2019,97.5
Cauli Local,10/25/2019,92.5
Cauli Local,10/26/2019,97.5
Cauli Local,10/27/2019,97.5
Cauli Local,10/28/2019,97.5
Cauli Local,10/29/2019,195.0
Cauli Local,10/30/2019,117.5
Cauli Local,10/31/2019,115.0
Cauli Local,11/1/2019,97.5
Cauli Local,11/2/2019,97.5
Cauli Local,11/3/2019,97.5
Cauli Local,11/4/2019,97.5
Cauli Local,11/5/2019,77.5
Cauli Local,11/6/2019,97.5
Cauli Local,11/7/2019,77.5
Cauli Local,11/8/2019,77.5
Cauli Local,11/9/2019,77.5
Cauli Local,11/10/2019,95.0
Cauli Local,11/11/2019,97.5
Cauli Local,11/12/2019,97.5
Cauli Local,11/13/2019,87.5
Cauli Local,11/14/2019,105.0
Cauli Local,11/15/2019,95.0
Cauli Local,11/16/2019,97.5
Cauli Local,11/17/2019,95.0
Cauli Local,11/18/2019,87.5
Cauli Local,11/19/2019,97.5
Cauli Local,11/20/2019,82.5
Cauli Local,11/21/2019,95.0
Cauli Local,11/22/2019,97.5
Cauli Local,11/23/2019,87.5
Cauli Local,11/24/2019,95.0
Cauli Local,11/25/2019,87.5
Cauli Local,11/26/2019,77.5
Cauli Local,11/27/2019,85.0
Cauli Local,11/28/2019,77.5
Cauli Local,11/29/2019,85.0
Cauli Local,11/30/2019,87.5
Cauli Local,12/1/2019,87.5
Cauli Local,12/2/2019,95.0
Cauli Local,12/3/2019,87.5
Cauli Local,12/4/2019,97.5
Cauli Local,12/5/2019,97.5
Cauli Local,12/6/2019,105.0
Cauli Local,12/7/2019,105.0
Cauli Local,12/8/2019,97.5
Cauli Local,12/9/2019,87.5
Cauli Local,12/10/2019,92.5
Cauli Local,12/11/2019,97.5
Cauli Local,12/12/2019,97.5
Cauli Local,12/13/2019,97.5
Cauli Local,12/14/2019,105.0
Cauli Local,12/15/2019,92.5
Cauli Local,12/16/2019,82.5
Cauli Local,12/17/2019,77.5
Cauli Local,12/18/2019,82.5
Cauli Local,12/19/2019,77.5
Cauli Local,12/20/2019,77.5
Cauli Local,12/21/2019,67.5
Cauli Local,12/22/2019,72.5
Cauli Local,12/23/2019,72.5
Cauli Local,12/24/2019,77.5
Cauli Local,12/25/2019,77.5
Cauli Local,12/26/2019,77.5
Cauli Local,12/27/2019,77.5
Cauli Local,12/28/2019,77.5
Cauli Local,12/29/2019,77.5
Cauli Local,12/30/2019,77.5
Cauli Local,12/31/2019,77.5
Cauli Local,1/1/2020,77.5
Cauli Local,1/2/2020,77.5
Cauli Local,1/3/2020,77.5
Cauli Local,1/4/2020,97.5
Cauli Local,1/5/2020,67.5
Cauli Local,1/6/2020,67.5
Cauli Local,1/7/2020,67.5
Cauli Local,1/8/2020,55.0
Cauli Local,1/9/2020,47.5
Cauli Local,1/10/2020,47.5
Cauli Local,1/11/2020,45.0
Cauli Local,1/12/2020,47.5
Cauli Local,1/13/2020,45.0
Cauli Local,1/14/2020,42.5
Cauli Local,1/15/2020,45.0
Cauli Local,1/16/2020,42.5
Cauli Local,1/17/2020,45.0
Cauli Local,1/18/2020,42.5
Cauli Local,1/19/2020,42.5
Cauli Local,1/20/2020,37.5
Cauli Local,1/21/2020,25.0
Cauli Local,1/22/2020,25.0
Cauli Local,1/23/2020,32.5
Cauli Local,1/24/2020,22.5
Cauli Local,1/25/2020,30.0
Cauli Local,1/26/2020,45.0
Cauli Local,1/27/2020,32.5
Cauli Local,1/28/2020,37.5
Cauli Local,1/29/2020,32.5
Cauli Local,1/30/2020,35.0
Cauli Local,1/31/2020,47.5
Cauli Local,2/1/2020,37.5
Cauli Local,2/2/2020,30.0
Cauli Local,2/3/2020,25.0
Cauli Local,2/4/2020,27.5
Cauli Local,2/5/2020,25.0
Cauli Local,2/6/2020,22.5
Cauli Local,2/7/2020,22.5
Cauli Local,2/8/2020,25.0
Cauli Local,2/9/2020,27.5
Cauli Local,2/10/2020,27.5
Cauli Local,2/11/2020,27.5
Cauli Local,2/12/2020,27.5
Cauli Local,2/13/2020,27.5
Cauli Local,2/14/2020,27.5
Cauli Local,2/15/2020,22.5
Cauli Local,2/16/2020,22.5
Cauli Local,2/17/2020,22.5
Cauli Local,2/18/2020,22.5
Cauli Local,2/19/2020,25.0
Cauli Local,2/20/2020,20.0
Cauli Local,2/21/2020,15.0
Cauli Local,2/22/2020,15.0
Cauli Local,2/23/2020,15.0
Cauli Local,2/24/2020,17.5
Cauli Local,2/25/2020,22.5
Cauli Local,2/26/2020,12.5
Cauli Local,2/27/2020,37.5
Cauli Local,2/28/2020,22.5
Cauli Local,2/29/2020,21.5
Cauli Local,3/1/2020,35.0
Cauli Local,3/2/2020,22.5
Cauli Local,3/4/2020,22.5
Cauli Local,3/5/2020,22.5
Cauli Local,3/6/2020,17.5
Cauli Local,3/7/2020,32.5
Cauli Local,3/8/2020,57.5
Cauli Local,3/9/2020,27.5
Cauli Local,3/10/2020,22.5
Cauli Local,3/11/2020,27.5
Cauli Local,3/12/2020,27.5
Cauli Local,3/13/2020,32.5
Cauli Local,3/14/2020,27.5
Cauli Local,3/15/2020,29.0
Cauli Local,3/16/2020,27.5
Cauli Local,3/17/2020,25.0
Cauli Local,3/18/2020,27.5
Cauli Local,3/19/2020,27.5
Cauli Local,3/20/2020,27.5
Cauli Local,3/21/2020,32.5
Cauli Local,3/22/2020,32.5
Cauli Local,3/23/2020,27.5
Cauli Local,3/25/2020,37.5
Cauli Local,3/26/2020,37.5
Cauli Local,3/27/2020,37.5
Cauli Local,3/28/2020,32.5
Cauli Local,3/29/2020,32.5
Cauli Local,3/30/2020,32.5
Cauli Local,3/31/2020,22.5
Cauli Local,4/1/2020,27.5
Cauli Local,4/2/2020,27.5
Cauli Local,4/3/2020,22.5
Cauli Local,4/4/2020,22.5
Cauli Local,4/5/2020,22.5
Cauli Local,4/6/2020,22.5
Cauli Local,4/7/2020,22.5
Cauli Local,4/8/2020,22.5
Cauli Local,4/13/2020,32.5
Cauli Local,4/14/2020,27.5
Cauli Local,4/15/2020,22.5
Cauli Local,4/16/2020,22.5
Cauli Local,4/17/2020,17.5
Cauli Local,4/20/2020,17.5
Cauli Local,4/21/2020,22.5
Cauli Local,4/22/2020,22.5
Cauli Local,4/23/2020,22.5
Cauli Local,4/24/2020,22.5
Cauli Local,4/25/2020,22.5
Cauli Local,4/26/2020,22.5
Cauli Local,4/27/2020,19.0
Cauli Local,4/28/2020,17.5
Cauli Local,4/29/2020,17.5
Cauli Local,4/30/2020,22.5
Cauli Local,5/1/2020,27.5
Cauli Local,5/2/2020,22.5
Cauli Local,5/3/2020,19.0
Cauli Local,5/4/2020,19.0
Cauli Local,5/5/2020,19.0
Cauli Local,5/6/2020,19.0
Cauli Local,5/7/2020,19.0
Cauli Local,5/8/2020,22.5
Cauli Local,5/9/2020,19.0
Cauli Local,5/10/2020,17.5
Cauli Local,5/11/2020,17.5
Cauli Local,5/12/2020,17.5
Cauli Local,5/13/2020,17.5
Cauli Local,5/14/2020,17.5
Cauli Local,5/15/2020,17.5
Cauli Local,5/16/2020,19.0
Cauli Local,5/17/2020,22.5
Cauli Local,5/18/2020,27.5
Cauli Local,5/19/2020,17.5
Cauli Local,5/20/2020,17.5
Cauli Local,5/21/2020,17.5
Cauli Local,5/22/2020,17.5
Cauli Local,5/23/2020,17.5
Cauli Local,5/24/2020,17.5
Cauli Local,5/25/2020,17.5
Cauli Local,5/26/2020,15.0
Cauli Local,5/27/2020,12.5
Cauli Local,5/28/2020,12.5
Cauli Local,5/29/2020,12.5
Cauli Local,5/31/2020,12.5
Cauli Local,6/1/2020,12.5
Cauli Local,6/2/2020,12.5
Cauli Local,6/3/2020,17.5
Cauli Local,6/4/2020,17.5
Cauli Local,6/5/2020,17.5
Cauli Local,6/6/2020,27.5
Cauli Local,6/7/2020,22.5
Cauli Local,6/8/2020,22.5
Cauli Local,6/9/2020,22.5
Cauli Local,6/10/2020,22.5
Cauli Local,6/11/2020,32.5
Cauli Local,6/12/2020,32.5
Cauli Local,6/13/2020,32.5
Cauli Local,6/14/2020,32.5
Cauli Local,6/15/2020,22.5
Cauli Local,6/16/2020,27.5
Cauli Local,6/17/2020,27.5
Cauli Local,6/18/2020,27.5
Cauli Local,6/19/2020,27.5
Cauli Local,6/20/2020,27.5
Cauli Local,6/21/2020,37.5
Cauli Local,6/22/2020,27.5
Cauli Local,6/23/2020,32.5
Cauli Local,6/24/2020,32.5
Cauli Local,6/25/2020,37.5
Cauli Local,6/26/2020,37.5
Cauli Local,6/27/2020,37.5
Cauli Local,6/28/2020,37.5
Cauli Local,6/29/2020,42.5
Cauli Local,6/30/2020,37.5
Cauli Local,7/1/2020,37.5
Cauli Local,7/2/2020,42.5
Cauli Local,7/3/2020,42.5
Cauli Local,7/4/2020,37.5
Cauli Local,7/5/2020,47.5
Cauli Local,7/6/2020,47.5
Cauli Local,7/7/2020,47.5
Cauli Local,7/8/2020,52.5
Cauli Local,7/9/2020,77.5
Cauli Local,7/10/2020,77.5
Cauli Local,7/11/2020,97.5
Cauli Local,7/13/2020,77.5
Cauli Local,7/14/2020,62.5
Cauli Local,7/15/2020,97.5
Cauli Local,7/16/2020,97.5
Cauli Local,7/17/2020,97.5
Cauli Local,7/18/2020,97.5
Cauli Local,7/19/2020,115.0
Cauli Local,7/20/2020,115.0
Cauli Local,7/22/2020,95.0
Cauli Local,7/23/2020,115.0
Cauli Local,7/24/2020,115.0
Cauli Local,7/25/2020,115.0
Cauli Local,7/26/2020,115.0
Cauli Local,7/27/2020,122.5
Cauli Local,7/28/2020,115.0
Cauli Local,7/29/2020,115.0
Cauli Local,7/30/2020,115.0
Cauli Local,7/31/2020,115.0
Cauli Local,8/1/2020,115.0
Cauli Local,8/2/2020,115.0
Cauli Local,8/3/2020,115.0
Cauli Local,8/4/2020,115.0
Cauli Local,8/5/2020,115.0
Cauli Local,8/6/2020,105.0
Cauli Local,8/7/2020,115.0
Cauli Local,8/8/2020,115.0
Cauli Local,8/9/2020,110.0
Cauli Local,8/10/2020,110.0
Cauli Local,8/11/2020,105.0
Cauli Local,8/12/2020,110.0
Cauli Local,8/13/2020,105.0
Cauli Local,8/14/2020,117.5
Cauli Local,8/15/2020,115.0
Cauli Local,8/16/2020,110.0
Cauli Local,8/17/2020,105.0
Cauli Local,8/18/2020,115.0
Cauli Local,8/19/2020,115.0
Cauli Local,8/20/2020,115.0
Cauli Local,8/21/2020,115.0
Cauli Local,8/22/2020,115.0
Cauli Local,8/23/2020,115.0
Cauli Local,8/24/2020,135.0
Cauli Local,8/25/2020,135.0
Cauli Local,8/26/2020,85.0
Cauli Local,8/27/2020,75.0
Cauli Local,8/28/2020,90.0
Cauli Local,8/29/2020,105.0
Cauli Local,8/30/2020,115.0
Cauli Local,8/31/2020,135.0
Cauli Local,9/1/2020,125.0
Cauli Local,9/2/2020,115.0
Cauli Local,9/3/2020,125.0
Cauli Local,9/4/2020,125.0
Cauli Local,9/5/2020,115.0
Cauli Local,9/6/2020,115.0
Cauli Local,9/7/2020,115.0
Cauli Local,9/8/2020,115.0
Cauli Local,9/9/2020,115.0
Cauli Local,9/10/2020,125.0
Cauli Local,9/11/2020,115.0
Cauli Local,9/12/2020,115.0
Cauli Local,9/13/2020,115.0
Cauli Local,9/14/2020,125.0
Cauli Local,9/15/2020,115.0
Cauli Local,9/16/2020,95.0
Cauli Local,9/17/2020,115.0
Cauli Local,9/18/2020,115.0
Cauli Local,9/19/2020,110.0
Cauli Local,9/20/2020,95.0
Cauli Local,9/21/2020,95.0
Cauli Local,9/22/2020,67.5
Cauli Local,9/23/2020,65.0
Cauli Local,9/24/2020,65.0
Cauli Local,9/25/2020,87.5
Cauli Local,9/26/2020,95.0
Cauli Local,9/27/2020,67.5
Cauli Local,9/28/2020,97.5
Cauli Local,9/29/2020,97.5
Cauli Local,9/30/2020,105.0
Cauli Local,10/1/2020,115.0
Cauli Local,10/2/2020,115.0
Cauli Local,10/3/2020,115.0
Cauli Local,10/4/2020,115.0
Cauli Local,10/5/2020,115.0
Cauli Local,10/6/2020,97.5
Cauli Local,10/7/2020,105.0
Cauli Local,10/8/2020,105.0
Cauli Local,10/9/2020,105.0
Cauli Local,10/10/2020,105.0
Cauli Local,10/11/2020,105.0
Cauli Local,10/12/2020,105.0
Cauli Local,10/13/2020,115.0
Cauli Local,10/14/2020,85.0
Cauli Local,10/15/2020,85.0
Cauli Local,10/16/2020,77.5
Cauli Local,10/17/2020,77.5
Cauli Local,10/18/2020,77.5
Cauli Local,10/19/2020,77.5
Cauli Local,10/20/2020,85.0
Cauli Local,10/21/2020,75.0
Cauli Local,10/22/2020,75.0
Cauli Local,10/23/2020,95.0
Cauli Local,10/24/2020,100.0
Cauli Local,10/25/2020,110.0
Cauli Local,10/26/2020,95.0
Cauli Local,10/27/2020,75.0
Cauli Local,10/28/2020,85.0
Cauli Local,10/29/2020,85.0
Cauli Local,10/30/2020,85.0
Cauli Local,10/31/2020,85.0
Cauli Local,11/1/2020,65.0
Cauli Local,11/2/2020,75.0
Cauli Local,11/3/2020,85.0
Cauli Local,11/4/2020,75.0
Cauli Local,11/5/2020,85.0
Cauli Local,11/6/2020,75.0
Cauli Local,11/7/2020,65.0
Cauli Local,11/8/2020,75.0
Cauli Local,11/9/2020,65.0
Cauli Local,11/10/2020,70.0
Cauli Local,11/11/2020,65.0
Cauli Local,11/12/2020,75.0
Cauli Local,11/13/2020,105.0
Cauli Local,11/14/2020,95.0
Cauli Local,11/15/2020,75.0
Cauli Local,11/16/2020,95.0
Cauli Local,11/17/2020,145.0
Cauli Local,11/18/2020,85.0
Cauli Local,11/19/2020,65.0
Cauli Local,11/20/2020,75.0
Cauli Local,11/21/2020,75.0
Cauli Local,11/22/2020,47.5
Cauli Local,11/23/2020,45.0
Cauli Local,11/24/2020,45.0
Cauli Local,11/25/2020,50.0
Cauli Local,11/26/2020,55.0
Cauli Local,11/27/2020,47.5
Cauli Local,11/28/2020,45.0
Cauli Local,11/29/2020,47.5
Cauli Local,11/30/2020,50.0
Cauli Local,12/1/2020,50.0
Cauli Local,12/2/2020,45.0
Cauli Local,12/3/2020,50.0
Cauli Local,12/4/2020,45.0
Cauli Local,12/5/2020,45.0
Cauli Local,12/6/2020,35.0
Cauli Local,12/7/2020,35.0
Cauli Local,12/8/2020,30.0
Cauli Local,12/9/2020,25.0
Cauli Local,12/10/2020,22.5
Cauli Local,12/11/2020,22.5
Cauli Local,12/12/2020,25.0
Cauli Local,12/13/2020,20.0
Cauli Local,12/14/2020,20.0
Cauli Local,12/15/2020,17.5
Cauli Local,12/16/2020,20.0
Cauli Local,12/17/2020,25.0
Cauli Local,12/18/2020,25.0
Cauli Local,12/19/2020,25.0
Cauli Local,12/20/2020,35.0
Cauli Local,12/21/2020,35.0
Cauli Local,12/22/2020,35.0
Cauli Local,12/23/2020,45.0
Cauli Local,12/24/2020,35.0
Cauli Local,12/25/2020,35.0
Cauli Local,12/26/2020,35.0
Cauli Local,12/27/2020,32.5
Cauli Local,12/28/2020,40.0
Cauli Local,12/29/2020,40.0
Cauli Local,12/30/2020,35.0
Cauli Local,12/31/2020,40.0
Cauli Local,1/1/2021,40.0
Cauli Local,1/2/2021,35.0
Cauli Local,1/3/2021,27.5
Cauli Local,1/4/2021,30.0
Cauli Local,1/5/2021,30.0
Cauli Local,1/6/2021,30.0
Cauli Local,1/7/2021,25.0
Cauli Local,1/8/2021,25.0
Cauli Local,1/9/2021,25.0
Cauli Local,1/10/2021,22.5
Cauli Local,1/11/2021,17.5
Cauli Local,1/12/2021,25.0
Cauli Local,1/13/2021,25.0
Cauli Local,1/14/2021,25.0
Cauli Local,1/15/2021,25.0
Cauli Local,1/16/2021,22.5
Cauli Local,1/17/2021,17.5
Cauli Local,1/18/2021,17.5
Cauli Local,1/19/2021,12.5
Cauli Local,1/20/2021,17.5
Cauli Local,1/21/2021,21.5
Cauli Local,1/22/2021,17.5
Cauli Local,1/23/2021,20.0
Cauli Local,1/24/2021,12.5
Cauli Local,1/25/2021,17.5
Cauli Local,1/26/2021,25.0
Cauli Local,1/27/2021,25.0
Cauli Local,1/28/2021,30.0
Cauli Local,1/29/2021,25.0
Cauli Local,1/30/2021,30.0
Cauli Local,1/31/2021,27.5
Cauli Local,2/1/2021,30.0
Cauli Local,2/2/2021,30.0
Cauli Local,2/3/2021,35.0
Cauli Local,2/4/2021,35.0
Cauli Local,2/5/2021,45.0
Cauli Local,2/6/2021,45.0
Cauli Local,2/7/2021,37.5
Cauli Local,2/8/2021,40.0
Cauli Local,2/9/2021,45.0
Cauli Local,2/10/2021,45.0
Cauli Local,2/11/2021,40.0
Cauli Local,2/12/2021,40.0
Cauli Local,2/13/2021,35.0
Cauli Local,2/14/2021,27.5
Cauli Local,2/15/2021,30.0
Cauli Local,2/16/2021,30.0
Cauli Local,2/17/2021,25.0
Cauli Local,2/18/2021,22.5
Cauli Local,2/19/2021,22.5
Cauli Local,2/20/2021,25.0
Cauli Local,2/21/2021,22.5
Cauli Local,2/22/2021,30.0
Cauli Local,2/23/2021,27.5
Cauli Local,2/24/2021,30.0
Cauli Local,2/25/2021,30.0
Cauli Local,2/26/2021,25.0
Cauli Local,2/27/2021,27.5
Cauli Local,2/28/2021,22.5
Cauli Local,3/1/2021,25.0
Cauli Local,3/2/2021,25.0
Cauli Local,3/3/2021,25.0
Cauli Local,3/5/2021,25.0
Cauli Local,3/6/2021,25.0
Cauli Local,3/7/2021,22.5
Cauli Local,3/8/2021,35.0
Cauli Local,3/9/2021,35.0
Cauli Local,3/10/2021,35.0
Cauli Local,3/11/2021,40.0
Cauli Local,3/12/2021,42.5
Cauli Local,3/13/2021,40.0
Cauli Local,3/14/2021,45.0
Cauli Local,3/15/2021,37.5
Cauli Local,3/16/2021,37.5
Cauli Local,3/17/2021,42.5
Cauli Local,3/18/2021,42.5
Cauli Local,3/19/2021,40.0
Cauli Local,3/20/2021,45.0
Cauli Local,3/21/2021,45.0
Cauli Local,3/22/2021,45.0
Cauli Local,3/23/2021,45.0
Cauli Local,3/24/2021,55.0
Cauli Local,3/25/2021,55.0
Cauli Local,3/26/2021,50.0
Cauli Local,3/27/2021,50.0
Cauli Local,3/28/2021,55.0
Cauli Local,3/29/2021,55.0
Cauli Local,3/30/2021,55.0
Cauli Local,3/31/2021,55.0
Cauli Local,4/1/2021,55.0
Cauli Local,4/2/2021,55.0
Cauli Local,4/3/2021,55.0
Cauli Local,4/4/2021,65.0
Cauli Local,4/5/2021,55.0
Cauli Local,4/6/2021,55.0
Cauli Local,4/7/2021,55.0
Cauli Local,4/8/2021,65.0
Cauli Local,4/9/2021,65.0
Cauli Local,4/10/2021,65.0
Cauli Local,4/11/2021,55.0
Cauli Local,4/12/2021,45.0
Cauli Local,4/13/2021,65.0
Cauli Local,4/14/2021,65.0
Cauli Local,4/15/2021,65.0
Cauli Local,4/16/2021,55.0
Cauli Local,4/17/2021,55.0
Cauli Local,4/18/2021,65.0
Cauli Local,4/19/2021,55.0
Cauli Local,4/20/2021,55.0
Cauli Local,4/21/2021,55.0
Cauli Local,4/22/2021,55.0
Cauli Local,4/23/2021,65.0
Cauli Local,4/24/2021,65.0
Cauli Local,4/25/2021,75.0
Cauli Local,4/26/2021,55.0
Cauli Local,4/27/2021,55.0
Cauli Local,4/28/2021,55.0
Cauli Local,4/29/2021,55.0
Cauli Local,4/30/2021,45.0
Cauli Local,5/1/2021,35.0
Cauli Local,5/2/2021,45.0
Cauli Local,5/3/2021,22.5
Cauli Local,5/4/2021,30.0
Cauli Local,5/5/2021,45.0
Cauli Local,5/6/2021,27.5
Cauli Local,5/7/2021,32.5
Cauli Local,5/8/2021,32.5
Cauli Local,5/9/2021,25.0
Cauli Local,5/10/2021,25.0
Cauli Local,5/11/2021,35.0
Cauli Local,5/12/2021,35.0
Cauli Local,5/13/2021,37.5
Cauli Local,5/14/2021,35.0
Cauli Local,5/15/2021,25.0
Cauli Local,5/16/2021,25.0
Cauli Local,5/17/2021,25.0
Cauli Local,5/18/2021,27.5
Cauli Local,5/19/2021,32.5
Cauli Local,5/20/2021,37.5
Cauli Local,5/21/2021,37.5
Cauli Local,5/22/2021,37.5
Cauli Local,5/23/2021,35.0
Cauli Local,5/24/2021,35.0
Cauli Local,5/25/2021,35.0
Cauli Local,5/26/2021,35.0
Cauli Local,5/27/2021,35.0
Cauli Local,5/28/2021,35.0
Cauli Local,5/29/2021,35.0
Cauli Local,5/30/2021,25.0
Cauli Local,5/31/2021,35.0
Cauli Local,6/1/2021,25.0
Cauli Local,6/2/2021,47.5
Cauli Local,6/3/2021,45.0
Cauli Local,6/4/2021,45.0
Cauli Local,6/5/2021,45.0
Cauli Local,6/6/2021,45.0
Cauli Local,6/7/2021,45.0
Cauli Local,6/8/2021,55.0
Cauli Local,6/9/2021,75.0
Cauli Local,6/10/2021,75.0
Cauli Local,6/11/2021,75.0
Cauli Local,6/12/2021,65.0
Cauli Local,6/13/2021,55.0
Cauli Local,6/14/2021,55.0
Cauli Local,6/15/2021,45.0
Cauli Local,6/16/2021,45.0
Cauli Local,6/17/2021,65.0
Cauli Local,6/18/2021,75.0
Cauli Local,6/19/2021,70.0
Cauli Local,6/20/2021,65.0
Cauli Local,6/21/2021,75.0
Cauli Local,6/22/2021,55.0
Cauli Local,6/23/2021,65.0
Cauli Local,6/24/2021,75.0
Cauli Local,6/25/2021,75.0
Cauli Local,6/26/2021,75.0
Cauli Local,6/27/2021,75.0
Cauli Local,6/28/2021,75.0
Cauli Local,6/29/2021,90.0
Cauli Local,6/30/2021,75.0
Cauli Local,7/1/2021,85.0
Cauli Local,7/2/2021,85.0
Cauli Local,7/3/2021,55.0
Cauli Local,7/4/2021,65.0
Cauli Local,7/5/2021,75.0
Cauli Local,7/6/2021,65.0
Cauli Local,7/7/2021,65.0
Cauli Local,7/8/2021,75.0
Cauli Local,7/9/2021,95.0
Cauli Local,7/10/2021,75.0
Cauli Local,7/11/2021,75.0
Cauli Local,7/12/2021,65.0
Cauli Local,7/13/2021,75.0
Cauli Local,7/14/2021,90.0
Cauli Local,7/15/2021,85.0
Cauli Local,7/16/2021,105.0
Cauli Local,7/17/2021,110.0
Cauli Local,7/18/2021,110.0
Cauli Local,7/19/2021,110.0
Cauli Local,7/20/2021,95.0
Cauli Local,7/21/2021,95.0
Cauli Local,7/22/2021,110.0
Cauli Local,7/23/2021,90.0
Cauli Local,7/24/2021,80.0
Cauli Local,7/25/2021,85.0
Cauli Local,7/26/2021,75.0
Cauli Local,7/27/2021,75.0
Cauli Local,7/28/2021,75.0
Cauli Local,7/29/2021,75.0
Cauli Local,7/30/2021,75.0
Cauli Local,7/31/2021,65.0
Cauli Local,8/1/2021,55.0
Cauli Local,8/2/2021,70.0
Cauli Local,8/3/2021,65.0
Cauli Local,8/4/2021,75.0
Cauli Local,8/5/2021,65.0
Cauli Local,8/6/2021,65.0
Cauli Local,8/7/2021,65.0
Cauli Local,8/8/2021,65.0
Cauli Local,8/9/2021,75.0
Cauli Local,8/10/2021,75.0
Cauli Local,8/11/2021,75.0
Cauli Local,8/12/2021,75.0
Cauli Local,8/13/2021,75.0
Cauli Local,8/14/2021,65.0
Cauli Local,8/15/2021,65.0
Cauli Local,8/16/2021,75.0
Cauli Local,8/17/2021,75.0
Cauli Local,8/18/2021,75.0
Cauli Local,8/19/2021,65.0
Cauli Local,8/20/2021,75.0
Cauli Local,8/21/2021,75.0
Cauli Local,8/22/2021,95.0
Cauli Local,8/23/2021,90.0
Cauli Local,8/24/2021,90.0
Cauli Local,8/25/2021,75.0
Cauli Local,8/26/2021,75.0
Cauli Local,8/27/2021,75.0
Cauli Local,8/28/2021,85.0
Cauli Local,8/29/2021,85.0
Cauli Local,8/30/2021,110.0
Cauli Local,8/31/2021,80.0
Cauli Local,9/1/2021,80.0
Cauli Local,9/2/2021,100.0
Cauli Local,9/3/2021,115.0
Cauli Local,9/4/2021,115.0
Cauli Local,9/5/2021,115.0
Cauli Local,9/6/2021,95.0
Cauli Local,9/7/2021,105.0
Cauli Local,9/8/2021,90.0
Cauli Local,9/9/2021,80.0
Cauli Local,9/10/2021,80.0
Cauli Local,9/11/2021,80.0
Cauli Local,9/12/2021,65.0
Cauli Local,9/13/2021,80.0
Cauli Local,9/14/2021,80.0
Cauli Local,9/15/2021,80.0
Cauli Local,9/16/2021,70.0
Cauli Local,9/17/2021,90.0
Cauli Local,9/18/2021,95.0
Cauli Local,9/19/2021,70.0
Cauli Local,9/20/2021,60.0
Cauli Local,9/21/2021,70.0
Cauli Local,9/22/2021,80.0
Cauli Local,9/23/2021,70.0
Cauli Local,9/24/2021,75.0
Cauli Local,9/25/2021,75.0
Cauli Local,9/26/2021,75.0
Cauli Local,9/27/2021,90.0
Cauli Local,9/28/2021,80.0
Cauli Local,9/29/2021,85.0
Cauli Local,9/30/2021,90.0
Cauli Local,10/1/2021,90.0
Cauli Local,10/2/2021,90.0
Cauli Local,10/3/2021,90.0
Cauli Local,10/4/2021,80.0
Cauli Local,10/5/2021,60.0
Cauli Local,10/6/2021,80.0
Cauli Local,10/7/2021,65.0
Cauli Local,10/8/2021,75.0
Cauli Local,10/9/2021,70.0
Cauli Local,10/10/2021,85.0
Cauli Local,10/11/2021,80.0
Cauli Local,10/12/2021,80.0
Cauli Local,10/13/2021,110.0
Cauli Local,10/14/2021,120.0
Cauli Local,10/15/2021,130.0
Cauli Local,10/16/2021,90.0
Cauli Local,10/17/2021,85.0
Cauli Local,10/18/2021,65.0
Cauli Local,10/19/2021,80.0
Cauli Local,10/20/2021,70.0
Cauli Local,10/21/2021,75.0
Cauli Local,10/22/2021,80.0
Cauli Local,10/23/2021,65.0
Cauli Local,10/24/2021,65.0
Cauli Local,10/25/2021,70.0
Cauli Local,10/26/2021,70.0
Cauli Local,10/27/2021,80.0
Cauli Local,10/28/2021,110.0
Cauli Local,10/29/2021,110.0
Cauli Local,10/30/2021,110.0
Cauli Local,10/31/2021,110.0
Cauli Local,11/1/2021,110.0
Cauli Local,11/2/2021,130.0
Cauli Local,11/3/2021,115.0
Cauli Local,11/4/2021,120.0
Cauli Local,11/5/2021,105.0
Cauli Local,11/6/2021,160.0
Cauli Local,11/7/2021,150.0
Cauli Local,11/8/2021,130.0
Cauli Local,11/9/2021,110.0
Cauli Local,11/10/2021,90.0
Cauli Local,11/11/2021,80.0
Cauli Local,11/12/2021,90.0
Cauli Local,11/13/2021,75.0
Cauli Local,11/14/2021,75.0
Cauli Local,11/15/2021,70.0
Cauli Local,11/16/2021,65.0
Cauli Local,11/17/2021,75.0
Cauli Local,11/18/2021,65.0
Cauli Local,11/19/2021,75.0
Cauli Local,11/20/2021,65.0
Cauli Local,11/21/2021,55.0
Cauli Local,11/22/2021,65.0
Cauli Local,11/23/2021,55.0
Cauli Local,11/24/2021,45.0
Cauli Local,11/25/2021,40.0
Cauli Local,11/26/2021,35.0
Cauli Local,11/27/2021,45.0
Cauli Local,11/28/2021,35.0
Cauli Local,11/29/2021,50.0
Cauli Local,11/30/2021,55.0
Cauli Local,12/1/2021,55.0
Cauli Local,12/2/2021,45.0
Cauli Local,12/3/2021,55.0
Cauli Local,12/4/2021,45.0
Cauli Local,12/5/2021,40.0
Cauli Local,12/6/2021,40.0
Cauli Local,12/7/2021,42.5
Cauli Local,12/8/2021,35.0
Cauli Local,12/9/2021,30.0
Cauli Local,12/10/2021,25.0
Cauli Local,12/11/2021,25.0
Cauli Local,12/12/2021,25.0
Cauli Local,12/13/2021,30.0
Cauli Local,12/14/2021,35.0
Cauli Local,12/15/2021,30.0
Cauli Local,12/16/2021,30.0
Cauli Local,12/17/2021,30.0
Cauli Local,12/18/2021,30.0
Cauli Local,12/19/2021,30.0
Cauli Local,12/20/2021,55.0
Cauli Local,12/21/2021,50.0
Cauli Local,12/22/2021,55.0
Cauli Local,12/23/2021,45.0
Cauli Local,12/24/2021,45.0
Cauli Local,12/25/2021,55.0
Cauli Local,12/26/2021,55.0
Cauli Local,12/27/2021,55.0
Cauli Local,12/28/2021,50.0
Cauli Local,12/29/2021,45.0
Cauli Local,12/30/2021,65.0
Cauli Local,12/31/2021,55.0
Cauli Local,1/1/2022,45.0
Cauli Local,1/2/2022,35.0
Cauli Local,1/3/2022,40.0
Cauli Local,1/4/2022,35.0
Cauli Local,1/5/2022,30.0
Cauli Local,1/6/2022,30.0
Cauli Local,1/7/2022,30.0
Cauli Local,1/8/2022,30.0
Cauli Local,1/9/2022,32.5
Cauli Local,1/10/2022,30.0
Cauli Local,1/11/2022,30.0
Cauli Local,1/12/2022,30.0
Cauli Local,1/13/2022,30.0
Cauli Local,1/14/2022,35.0
Cauli Local,1/15/2022,35.0
Cauli Local,1/16/2022,35.0
Cauli Local,1/17/2022,35.0
Cauli Local,1/18/2022,35.0
Cauli Local,1/19/2022,25.0
Cauli Local,1/20/2022,30.0
Cauli Local,1/21/2022,30.0
Cauli Local,1/22/2022,35.0
Cauli Local,1/23/2022,25.0
Cauli Local,1/24/2022,35.0
Cauli Local,1/25/2022,45.0
Cauli Local,1/26/2022,35.0
Cauli Local,1/27/2022,45.0
Cauli Local,1/28/2022,45.0
Cauli Local,1/29/2022,45.0
Cauli Local,1/30/2022,45.0
Cauli Local,1/31/2022,45.0
Cauli Local,2/1/2022,45.0
Cauli Local,2/2/2022,55.0
Cauli Local,2/3/2022,55.0
Cauli Local,2/4/2022,50.0
Cauli Local,2/5/2022,60.0
Cauli Local,2/6/2022,55.0
Cauli Local,2/7/2022,50.0
Cauli Local,2/8/2022,55.0
Cauli Local,2/9/2022,50.0
Cauli Local,2/10/2022,45.0
Cauli Local,2/11/2022,40.0
Cauli Local,2/12/2022,55.0
Cauli Local,2/13/2022,55.0
Cauli Local,2/14/2022,40.0
Cauli Local,2/15/2022,35.0
Cauli Local,2/16/2022,45.0
Cauli Local,2/17/2022,42.5
Cauli Local,2/18/2022,55.0
Cauli Local,2/19/2022,45.0
Cauli Local,2/20/2022,45.0
Cauli Local,2/21/2022,45.0
Cauli Local,2/22/2022,30.0
Cauli Local,2/23/2022,35.0
Cauli Local,2/24/2022,42.5
Cauli Local,2/25/2022,35.0
Cauli Local,2/27/2022,32.5
Cauli Local,2/28/2022,25.0
Cauli Local,3/1/2022,25.0
Cauli Local,3/2/2022,27.5
Cauli Local,3/3/2022,30.0
Cauli Local,3/5/2022,35.0
Cauli Local,3/6/2022,27.5
Cauli Local,3/7/2022,35.0
Cauli Local,3/8/2022,25.0
Cauli Local,3/9/2022,25.0
Cauli Local,3/10/2022,22.5
Cauli Local,3/11/2022,25.0
Cauli Local,3/12/2022,20.0
Cauli Local,3/13/2022,17.5
Cauli Local,3/14/2022,17.5
Cauli Local,3/15/2022,17.5
Cauli Local,3/16/2022,17.5
Cauli Local,3/17/2022,15.0
Cauli Local,3/18/2022,15.0
Cauli Local,3/19/2022,15.0
Cauli Local,3/20/2022,12.5
Cauli Local,3/21/2022,12.5
Cauli Local,3/22/2022,15.0
Cauli Local,3/23/2022,15.0
Cauli Local,3/24/2022,17.5
Cauli Local,3/25/2022,12.5
Cauli Local,3/26/2022,12.5
Cauli Local,3/27/2022,11.5
Cauli Local,3/28/2022,17.5
Cauli Local,3/29/2022,25.0
Cauli Local,3/30/2022,35.0
Cauli Local,3/31/2022,30.0
Cauli Local,4/1/2022,35.0
Cauli Local,4/2/2022,35.0
Cauli Local,4/3/2022,25.0
Cauli Local,4/4/2022,20.0
Cauli Local,4/5/2022,35.0
Cauli Local,4/6/2022,45.0
Cauli Local,4/7/2022,45.0
Cauli Local,4/8/2022,40.0
Cauli Local,4/9/2022,35.0
Cauli Local,4/10/2022,35.0
Cauli Local,4/11/2022,45.0
Cauli Local,4/12/2022,45.0
Cauli Local,4/13/2022,40.0
Cauli Local,4/14/2022,45.0
Cauli Local,4/15/2022,55.0
Cauli Local,4/16/2022,60.0
Cauli Local,4/17/2022,85.0
Cauli Local,4/18/2022,65.0
Cauli Local,4/19/2022,76.67
Cauli Local,4/20/2022,65.0
Cauli Local,4/21/2022,62.0
Cauli Local,4/22/2022,65.0
Cauli Local,4/23/2022,60.0
Cauli Local,4/24/2022,75.0
Cauli Local,4/25/2022,60.0
Cauli Local,4/26/2022,60.0
Cauli Local,4/27/2022,60.0
Cauli Local,4/28/2022,60.0
Cauli Local,4/29/2022,57.5
Cauli Local,4/30/2022,50.0
Cauli Local,5/1/2022,57.5
Cauli Local,5/2/2022,56.0
Cauli Local,5/3/2022,50.0
Cauli Local,5/4/2022,50.0
Cauli Local,5/5/2022,45.0
Cauli Local,5/6/2022,55.0
Cauli Local,5/7/2022,55.0
Cauli Local,5/8/2022,55.0
Cauli Local,5/9/2022,46.0
Cauli Local,5/10/2022,45.0
Cauli Local,5/11/2022,48.0
Cauli Local,5/12/2022,45.0
Cauli Local,5/14/2022,67.5
Cauli Local,5/15/2022,60.0
Cauli Local,5/16/2022,45.0
Cauli Local,5/17/2022,45.0
Cauli Local,5/18/2022,45.0
Cauli Local,5/19/2022,55.0
Cauli Local,5/20/2022,65.0
Cauli Local,5/21/2022,45.0
Cauli Local,5/22/2022,46.67
Cauli Local,5/23/2022,46.67
Cauli Local,5/24/2022,45.0
Cauli Local,5/25/2022,45.0
Cauli Local,5/26/2022,55.0
Cauli Local,5/27/2022,75.0
Cauli Local,5/28/2022,66.0
Cauli Local,5/29/2022,90.0
Cauli Local,5/30/2022,75.0
Cauli Local,5/31/2022,76.67
Cauli Local,6/1/2022,75.0
Cauli Local,6/2/2022,75.0
Cauli Local,6/3/2022,85.0
Cauli Local,6/4/2022,70.0
Cauli Local,6/5/2022,55.0
Cauli Local,6/6/2022,56.67
Cauli Local,6/7/2022,56.67
Cauli Local,6/8/2022,56.67
Cauli Local,6/9/2022,85.0
Cauli Local,6/10/2022,85.0
Cauli Local,6/11/2022,55.0
Cauli Local,6/12/2022,56.67
Cauli Local,6/13/2022,45.0
Cauli Local,6/14/2022,45.0
Cauli Local,6/15/2022,46.67
Cauli Local,6/16/2022,45.0
Cauli Local,6/17/2022,46.67
Cauli Local,6/18/2022,55.0
Cauli Local,6/19/2022,55.0
Cauli Local,6/20/2022,56.0
Cauli Local,6/21/2022,55.0
Cauli Local,6/22/2022,60.0
Cauli Local,6/23/2022,60.0
Cauli Local,6/24/2022,56.67
Cauli Local,6/25/2022,60.0
Cauli Local,6/26/2022,65.0
Cauli Local,6/27/2022,60.0
Cauli Local,6/28/2022,55.0
Cauli Local,6/29/2022,65.0
Cauli Local,6/30/2022,60.0
Cauli Local,7/1/2022,38.0
Cauli Local,7/2/2022,45.0
Cauli Local,7/3/2022,45.0
Cauli Local,7/4/2022,48.0
Cauli Local,7/5/2022,55.0
Cauli Local,7/6/2022,56.67
Cauli Local,7/7/2022,45.0
Cauli Local,7/8/2022,90.0
Cauli Local,7/9/2022,95.0
Cauli Local,7/10/2022,95.0
Cauli Local,7/11/2022,95.0
Cauli Local,7/12/2022,96.0
Cauli Local,7/13/2022,95.0
Cauli Local,7/14/2022,95.0
Cauli Local,7/15/2022,95.0
Cauli Local,7/16/2022,115.0
Cauli Local,7/17/2022,115.0
Cauli Local,7/18/2022,106.67
Cauli Local,7/19/2022,110.0
Cauli Local,7/20/2022,110.0
Cauli Local,7/21/2022,85.0
Cauli Local,7/22/2022,90.0
Cauli Local,7/23/2022,90.0
Cauli Local,7/24/2022,85.0
Cauli Local,7/25/2022,86.67
Cauli Local,7/26/2022,85.0
Cauli Local,7/27/2022,75.0
Cauli Local,7/28/2022,70.0
Cauli Local,7/29/2022,85.0
Cauli Local,7/30/2022,75.0
Cauli Local,7/31/2022,95.0
Cauli Local,8/1/2022,66.67
Cauli Local,8/2/2022,85.0
Cauli Local,8/3/2022,66.0
Cauli Local,8/4/2022,65.0
Cauli Local,8/5/2022,65.0
Cauli Local,8/6/2022,65.0
Cauli Local,8/7/2022,65.0
Cauli Local,8/8/2022,68.0
Cauli Local,8/9/2022,85.0
Cauli Local,8/10/2022,86.0
Cauli Local,8/11/2022,86.0
Cauli Local,8/12/2022,95.0
Cauli Local,8/13/2022,130.0
Cauli Local,8/14/2022,105.0
Cauli Local,8/15/2022,86.67
Cauli Local,8/16/2022,96.67
Cauli Local,8/17/2022,85.0
Cauli Local,8/18/2022,96.67
Cauli Local,8/19/2022,85.0
Cauli Local,8/20/2022,90.0
Cauli Local,8/21/2022,95.0
Cauli Local,8/22/2022,76.0
Cauli Local,8/23/2022,96.67
Cauli Local,8/24/2022,86.67
Cauli Local,8/25/2022,75.0
Cauli Local,8/26/2022,95.0
Cauli Local,8/27/2022,97.5
Cauli Local,8/28/2022,110.0
Cauli Local,8/29/2022,95.0
Cauli Local,8/30/2022,75.0
Cauli Local,8/31/2022,96.67
Cauli Local,9/1/2022,96.67
Cauli Local,9/2/2022,86.67
Cauli Local,9/3/2022,86.67
Cauli Local,9/4/2022,85.0
Cauli Local,9/5/2022,75.0
Cauli Local,9/6/2022,78.0
Cauli Local,9/7/2022,85.0
Cauli Local,9/8/2022,75.0
Cauli Local,9/9/2022,76.67
Cauli Local,9/10/2022,85.0
Cauli Local,9/11/2022,95.0
Cauli Local,9/12/2022,105.0
Cauli Local,9/13/2022,120.0
Cauli Local,9/14/2022,130.0
Cauli Local,9/15/2022,135.0
Cauli Local,9/16/2022,135.0
Cauli Local,9/17/2022,135.0
Cauli Local,9/18/2022,110.0
Cauli Local,9/19/2022,110.0
Cauli Local,9/20/2022,110.0
Cauli Local,9/21/2022,125.0
Cauli Local,9/22/2022,130.0
Cauli Local,9/23/2022,126.67
Cauli Local,9/24/2022,116.67
Cauli Local,9/25/2022,85.0
Cauli Local,9/26/2022,110.0
Cauli Local,9/27/2022,90.0
Cauli Local,9/28/2022,88.0
Cauli Local,9/29/2022,80.0
Cauli Local,9/30/2022,75.0
Cauli Local,10/1/2022,85.0
Cauli Local,10/2/2022,76.67
Cauli Local,10/3/2022,85.0
Cauli Local,10/4/2022,90.0
Cauli Local,10/5/2022,90.0
Cauli Local,10/6/2022,86.67
Cauli Local,10/7/2022,206.67
Cauli Local,10/8/2022,75.0
Cauli Local,10/9/2022,85.0
Cauli Local,10/10/2022,30.0
Cauli Local,10/11/2022,55.0
Cauli Local,10/12/2022,55.0
Cauli Local,10/13/2022,45.0
Cauli Local,10/14/2022,45.0
Cauli Local,10/15/2022,46.67
Cauli Local,10/16/2022,55.0
Cauli Local,10/17/2022,45.0
Cauli Local,10/18/2022,45.0
Cauli Local,10/19/2022,45.0
Cauli Local,10/20/2022,55.0
Cauli Local,10/21/2022,65.0
Cauli Local,10/22/2022,65.0
Cauli Local,10/23/2022,65.0
Cauli Local,10/24/2022,66.67
Cauli Local,10/25/2022,65.0
Cauli Local,10/26/2022,75.0
Cauli Local,10/27/2022,130.0
Cauli Local,10/28/2022,86.67
Cauli Local,10/29/2022,86.67
Cauli Local,10/30/2022,55.0
Cauli Local,10/31/2022,46.0
Cauli Local,11/1/2022,45.0
Cauli Local,11/2/2022,45.0
Cauli Local,11/3/2022,45.0
Cauli Local,11/4/2022,45.0
Cauli Local,11/5/2022,46.67
Cauli Local,11/6/2022,55.0
Cauli Local,11/7/2022,45.0
Cauli Local,11/8/2022,45.0
Cauli Local,11/9/2022,45.0
Cauli Local,11/10/2022,45.0
Cauli Local,11/11/2022,45.0
Cauli Local,11/12/2022,44.0
Cauli Local,11/13/2022,35.0
Cauli Local,11/14/2022,45.0
Cauli Local,11/15/2022,35.0
Cauli Local,11/16/2022,35.0
Cauli Local,11/17/2022,45.0
Cauli Local,11/18/2022,45.0
Cauli Local,11/19/2022,45.0
Cauli Local,11/21/2022,46.0
Cauli Local,11/22/2022,40.0
Cauli Local,11/23/2022,40.0
Cauli Local,11/24/2022,40.0
Cauli Local,11/25/2022,35.0
Cauli Local,11/26/2022,35.0
Cauli Local,11/27/2022,35.0
Cauli Local,11/28/2022,35.0
Cauli Local,11/29/2022,35.0
Cauli Local,11/30/2022,35.0
Cauli Local,12/1/2022,30.0
Cauli Local,12/2/2022,25.0
Cauli Local,12/3/2022,19.0
Cauli Local,12/4/2022,20.0
Cauli Local,12/5/2022,23.0
Cauli Local,12/6/2022,23.0
Cauli Local,12/7/2022,22.5
Cauli Local,12/8/2022,35.0
Cauli Local,12/9/2022,35.0
Cauli Local,12/10/2022,40.0
Cauli Local,12/11/2022,30.0
Cauli Local,12/12/2022,29.0
Cauli Local,12/13/2022,29.0
Cauli Local,12/14/2022,35.0
Cauli Local,12/15/2022,45.0
Cauli Local,12/16/2022,40.0
Cauli Local,12/17/2022,25.0
Cauli Local,12/18/2022,25.0
Cauli Local,12/19/2022,25.0
Cauli Local,12/20/2022,35.0
Cauli Local,12/21/2022,35.0
Cauli Local,12/22/2022,35.0
Cauli Local,12/23/2022,36.0
Cauli Local,12/24/2022,35.0
Cauli Local,12/25/2022,35.0
Cauli Local,12/26/2022,30.0
Cauli Local,12/27/2022,35.0
Cauli Local,12/28/2022,35.0
Cauli Local,12/29/2022,35.0
Cauli Local,12/30/2022,35.0
Cauli Local,12/31/2022,35.0
Cauli Local,1/1/2023,35.0
Cauli Local,1/2/2023,35.0
Cauli Local,1/3/2023,39.0
Cauli Local,1/4/2023,35.0
Cauli Local,1/5/2023,35.0
Cauli Local,1/6/2023,35.0
Cauli Local,1/7/2023,39.0
Cauli Local,1/8/2023,35.0
Cauli Local,1/9/2023,45.0
Cauli Local,1/10/2023,45.0
Cauli Local,1/11/2023,45.0
Cauli Local,1/12/2023,55.0
Cauli Local,1/13/2023,55.0
Cauli Local,1/14/2023,55.0
Cauli Local,1/15/2023,55.0
Cauli Local,1/16/2023,55.0
Cauli Local,1/17/2023,55.0
Cauli Local,1/18/2023,45.0
Cauli Local,1/19/2023,45.0
Cauli Local,1/20/2023,56.0
Cauli Local,1/21/2023,55.0
Cauli Local,1/22/2023,55.0
Cauli Local,1/23/2023,55.0
Cauli Local,1/24/2023,55.0
Cauli Local,1/25/2023,55.0
Cauli Local,1/26/2023,55.0
Cauli Local,1/27/2023,55.0
Cauli Local,1/28/2023,55.0
Cauli Local,1/29/2023,35.0
Cauli Local,1/30/2023,25.0
Cauli Local,1/31/2023,36.0
Cauli Local,2/1/2023,28.0
Cauli Local,2/2/2023,27.5
Cauli Local,2/3/2023,25.0
Cauli Local,2/4/2023,25.0
Cauli Local,2/5/2023,22.33
Cauli Local,2/6/2023,30.0
Cauli Local,2/7/2023,25.0
Cauli Local,2/8/2023,25.0
Cauli Local,2/9/2023,20.0
Cauli Local,2/10/2023,19.0
Cauli Local,2/11/2023,17.6
Cauli Local,2/12/2023,17.67
Cauli Local,2/13/2023,15.0
Cauli Local,2/14/2023,18.0
Cauli Local,2/15/2023,17.5
Cauli Local,2/16/2023,21.2
Cauli Local,2/17/2023,25.0
Cauli Local,2/18/2023,25.0
Cauli Local,2/19/2023,22.33
Cauli Local,2/20/2023,25.0
Cauli Local,2/21/2023,25.0
Cauli Local,2/22/2023,22.5
Cauli Local,2/23/2023,25.0
Cauli Local,2/24/2023,18.0
Cauli Local,2/25/2023,15.0
Cauli Local,2/26/2023,17.67
Cauli Local,2/27/2023,17.6
Cauli Local,2/28/2023,21.6
Cauli Local,3/1/2023,17.67
Cauli Local,3/2/2023,27.67
Cauli Local,3/3/2023,30.0
Cauli Local,3/5/2023,27.67
Cauli Local,3/6/2023,30.0
Cauli Local,3/7/2023,40.0
Cauli Local,3/8/2023,45.0
Cauli Local,3/9/2023,45.0
Cauli Local,3/10/2023,45.0
Cauli Local,3/11/2023,50.0
Cauli Local,3/12/2023,50.0
Cauli Local,3/13/2023,55.0
Cauli Local,3/14/2023,55.0
Cauli Local,3/15/2023,45.0
Cauli Local,3/16/2023,46.0
Cauli Local,3/17/2023,45.0
Cauli Local,3/18/2023,45.0
Cauli Local,3/19/2023,55.0
Cauli Local,3/20/2023,55.0
Cauli Local,3/21/2023,55.0
Cauli Local,3/22/2023,55.0
Cauli Local,3/23/2023,56.67
Cauli Local,3/24/2023,55.0
Cauli Local,3/25/2023,55.0
Cauli Local,3/26/2023,55.0
Cauli Local,3/27/2023,55.0
Cauli Local,3/28/2023,55.0
Cauli Local,3/29/2023,55.0
Cauli Local,3/30/2023,65.0
Cauli Local,3/31/2023,55.0
Cauli Local,4/1/2023,55.0
Cauli Local,4/2/2023,55.0
Cauli Local,4/3/2023,45.0
Cauli Local,4/4/2023,55.0
Cauli Local,4/5/2023,55.0
Cauli Local,4/6/2023,45.0
Cauli Local,4/7/2023,55.0
Cauli Local,4/8/2023,45.0
Cauli Local,4/9/2023,45.0
Cauli Local,4/10/2023,55.0
Cauli Local,4/11/2023,55.0
Cauli Local,4/12/2023,55.0
Cauli Local,4/13/2023,55.0
Cauli Local,4/14/2023,45.0
Cauli Local,4/15/2023,45.0
Cauli Local,4/16/2023,40.0
Cauli Local,4/17/2023,32.67
Cauli Local,4/18/2023,30.0
Cauli Local,4/19/2023,35.0
Cauli Local,4/20/2023,32.67
Cauli Local,4/21/2023,27.67
Cauli Local,4/22/2023,22.33
Cauli Local,4/23/2023,20.0
Cauli Local,4/24/2023,17.67
Cauli Local,4/25/2023,25.0
Cauli Local,4/26/2023,35.0
Cauli Local,4/27/2023,35.0
Cauli Local,4/28/2023,42.33
Cauli Local,4/29/2023,37.67
Cauli Local,4/30/2023,32.5
Cauli Local,5/1/2023,32.5
Cauli Local,5/2/2023,55.0
Cauli Local,5/3/2023,45.0
Cauli Local,5/4/2023,55.0
Cauli Local,5/5/2023,45.0
Cauli Local,5/6/2023,45.0
Cauli Local,5/7/2023,55.0
Cauli Local,5/8/2023,55.0
Cauli Local,5/9/2023,55.0
Cauli Local,5/10/2023,55.0
Cauli Local,5/11/2023,55.0
Cauli Local,5/12/2023,55.0
Cauli Local,5/13/2023,65.0
Cauli Local,5/14/2023,65.0
Cauli Local,5/15/2023,66.0
Cauli Local,5/16/2023,65.0
Cauli Local,5/17/2023,55.0
Cauli Local,5/18/2023,65.0
Cauli Local,5/19/2023,66.0
Cauli Local,5/20/2023,65.0
Cauli Local,5/21/2023,65.0
Cauli Local,5/22/2023,75.0
Cauli Local,5/23/2023,76.0
Cauli Local,5/24/2023,75.0
Cauli Local,5/25/2023,75.0
Cauli Local,5/26/2023,75.0
Cauli Local,5/27/2023,76.0
Cauli Local,5/28/2023,75.0
Cauli Local,5/29/2023,75.0
Cauli Local,5/30/2023,75.0
Cauli Local,5/31/2023,75.0
Cauli Local,6/1/2023,75.0
Cauli Local,6/2/2023,76.0
Cauli Local,6/3/2023,65.0
Cauli Local,6/4/2023,65.0
Cauli Local,6/5/2023,65.0
Cauli Local,6/6/2023,65.0
Cauli Local,6/7/2023,65.0
Cauli Local,6/8/2023,65.0
Cauli Local,6/9/2023,65.0
Cauli Local,6/10/2023,56.67
Cauli Local,6/11/2023,55.0
Cauli Local,6/12/2023,55.0
Cauli Local,6/13/2023,45.0
Cauli Local,6/14/2023,55.0
Cauli Local,6/15/2023,55.0
Cauli Local,6/16/2023,45.0
Cauli Local,6/17/2023,45.0
Cauli Local,6/18/2023,45.0
Cauli Local,6/19/2023,75.0
Cauli Local,6/20/2023,85.0
Cauli Local,6/21/2023,90.0
Cauli Local,6/22/2023,85.0
Cauli Local,6/23/2023,85.0
Cauli Local,6/24/2023,85.0
Cauli Local,6/25/2023,85.0
Cauli Local,6/26/2023,76.67
Cauli Local,6/27/2023,75.0
Cauli Local,6/28/2023,65.0
Cauli Local,6/29/2023,55.0
Cauli Local,6/30/2023,45.0
Cauli Local,7/1/2023,55.0
Cauli Local,7/2/2023,55.0
Cauli Local,7/3/2023,45.0
Cauli Local,7/4/2023,45.0
Cauli Local,7/5/2023,55.0
Cauli Local,7/6/2023,66.67
Cauli Local,7/7/2023,65.0
Cauli Local,7/8/2023,65.0
Cauli Local,7/9/2023,65.0
Cauli Local,7/10/2023,75.0
Cauli Local,7/11/2023,85.0
Cauli Local,7/12/2023,85.0
Cauli Local,7/13/2023,85.0
Cauli Local,7/14/2023,85.0
Cauli Local,7/15/2023,85.0
Cauli Local,7/16/2023,75.0
Cauli Local,7/17/2023,83.33
Cauli Local,7/18/2023,75.0
Cauli Local,7/19/2023,65.0
Cauli Local,7/20/2023,85.0
Cauli Local,7/21/2023,85.0
Cauli Local,7/22/2023,85.0
Cauli Local,7/23/2023,85.0
Cauli Local,7/24/2023,66.0
Cauli Local,7/25/2023,65.0
Cauli Local,7/26/2023,88.0
Cauli Local,7/27/2023,75.0
Cauli Local,7/28/2023,66.0
Cauli Local,7/29/2023,75.0
Cauli Local,7/30/2023,75.0
Cauli Local,7/31/2023,65.0
Cauli Local,8/1/2023,68.0
Cauli Local,8/2/2023,72.0
Cauli Local,8/3/2023,70.0
Cauli Local,8/4/2023,70.0
Cauli Local,8/5/2023,76.67
Cauli Local,8/6/2023,65.0
Cauli Local,8/7/2023,65.0
Cauli Local,8/8/2023,66.0
Cauli Local,8/9/2023,96.0
Cauli Local,8/10/2023,55.0
Cauli Local,8/11/2023,55.0
Cauli Local,8/12/2023,55.0
Cauli Local,8/13/2023,55.0
Cauli Local,8/14/2023,86.67
Cauli Local,8/15/2023,55.0
Cauli Local,8/16/2023,55.0
Cauli Local,8/17/2023,75.0
Cauli Local,8/18/2023,112.0
Cauli Local,8/19/2023,76.0
Cauli Local,8/20/2023,75.0
Cauli Local,8/21/2023,88.0
Cauli Local,8/22/2023,86.0
Cauli Local,8/23/2023,88.0
Cauli Local,8/24/2023,75.0
Cauli Local,8/25/2023,55.0
Cauli Local,8/26/2023,65.0
Cauli Local,8/27/2023,65.0
Cauli Local,8/28/2023,75.0
Cauli Local,8/29/2023,88.0
Cauli Local,8/30/2023,95.0
Cauli Local,8/31/2023,120.0
Cauli Local,9/1/2023,120.0
Cauli Local,9/2/2023,105.0
Cauli Local,9/3/2023,108.0
Cauli Local,9/4/2023,96.0
Cauli Local,9/5/2023,96.0
Cauli Local,9/6/2023,86.0
Cauli Local,9/7/2023,85.0
Cauli Local,9/8/2023,90.0
Cauli Local,9/9/2023,95.0
Cauli Local,9/10/2023,95.0
Cauli Local,9/11/2023,95.0
Cauli Local,9/12/2023,96.0
Cauli Local,9/13/2023,95.0
Cauli Local,9/14/2023,95.0
Cauli Local,9/15/2023,110.0
Cauli Local,9/16/2023,95.0
Cauli Local,9/17/2023,75.0
Cauli Local,9/18/2023,95.0
Cauli Local,9/19/2023,95.0
Cauli Local,9/20/2023,95.0
Cauli Local,9/21/2023,95.0
Cauli Local,9/22/2023,75.0
Cauli Local,9/23/2023,76.0
Cauli Local,9/24/2023,85.0
Cauli Local,9/25/2023,85.0
Cauli Local,9/26/2023,88.0
Cauli Local,9/27/2023,75.0
Cauli Local,9/28/2023,98.0
